id,date,rating,coffeeID,shopID
1,7/19/2015,4,300848,SOGXHEG12AB018653E
2,3/29/2015,4,300822,SOIUGDX12A6D4FDECA
3,12/27/2015,4,514953,SOSGQPS12A8AE48538
4,11/23/2014,4,287650,SOSLFMU12AB018FFEA
5,6/22/2014,3,611336,SOCTSJA12AC9618325
6,2/28/2016,4,41838,SOQZWXR12AB017FDE3
7,11/1/2015,4,25824,SOTNQRU12A8C131FEF
8,11/8/2015,4,8876,SOOCMUD12AC4686532
9,7/26/2015,4,358182,SOKZYGT12A8C139568
10,4/24/2016,4,692313,SOCSZYG12AB01871C2
11,10/18/2015,4,539081,SOERSTG12AC4685824
12,8/17/2014,3,163874,SOZFCZN12AB017E894
13,2/23/2014,1,575792,SOCJFFQ12A8C13E02A
14,3/20/2016,4,815863,SODXUDI12A8C1408A2
15,3/9/2014,1,25811,SOFYSKU12A8C13A72B
16,9/6/2015,4,135122,SOWXSQT12A6D4FC02E
17,5/8/2016,4,149958,SOWNOXA12AB0184353
18,9/27/2015,4,535188,SOKPCQK12A8C14038A
19,6/21/2015,4,372309,SOSCCOO12A8C13F0AF
20,10/25/2015,4,541101,SOAOCAG12A6D4FA89E
21,5/3/2015,4,605134,SOGXHEG12AB018653E
22,5/11/2014,1,239740,SOIUGDX12A6D4FDECA
23,8/10/2014,3,386995,SOSGQPS12A8AE48538
24,12/21/2014,4,223365,SOSLFMU12AB018FFEA
25,3/27/2016,4,652784,SOCTSJA12AC9618325
26,11/15/2015,4,45730,SOQZWXR12AB017FDE3
27,7/10/2016,5,672016,SOTNQRU12A8C131FEF
28,3/8/2015,4,160881,SOOCMUD12AC4686532
29,4/12/2015,4,59744,SOKZYGT12A8C139568
30,9/14/2014,3,373723,SOCSZYG12AB01871C2
31,7/10/2016,5,228326,SOERSTG12AC4685824
32,5/25/2014,1,463514,SOZFCZN12AB017E894
33,4/27/2014,1,643400,SOCJFFQ12A8C13E02A
34,9/13/2015,4,663761,SODXUDI12A8C1408A2
35,3/1/2015,4,12882,SOFYSKU12A8C13A72B
36,8/2/2015,4,270281,SOWXSQT12A6D4FC02E
37,4/5/2015,4,244586,SOWNOXA12AB0184353
38,8/3/2014,3,157648,SOKPCQK12A8C14038A
39,5/8/2016,4,644631,SOSCCOO12A8C13F0AF
40,9/21/2014,3,730551,SOAOCAG12A6D4FA89E
41,2/22/2015,4,709879,SOGXHEG12AB018653E
42,10/4/2015,4,706005,SOIUGDX12A6D4FDECA
43,4/17/2016,4,42595,SOSGQPS12A8AE48538
44,5/24/2015,4,782470,SOSLFMU12AB018FFEA
45,12/27/2015,4,28723,SOCTSJA12AC9618325
46,12/20/2015,4,557761,SOQZWXR12AB017FDE3
47,7/24/2016,5,417945,SOTNQRU12A8C131FEF
48,2/2/2014,1,575531,SOOCMUD12AC4686532
49,1/18/2015,4,300848,SOKZYGT12A8C139568
50,12/21/2014,4,300822,SOCSZYG12AB01871C2
51,11/29/2015,4,514953,SOERSTG12AC4685824
52,2/7/2016,4,287650,SOZFCZN12AB017E894
53,1/18/2015,4,611336,SOCJFFQ12A8C13E02A
54,7/12/2015,4,41838,SODXUDI12A8C1408A2
55,9/21/2014,3,25824,SOFYSKU12A8C13A72B
56,9/7/2014,3,8876,SOWXSQT12A6D4FC02E
57,11/2/2014,4,358182,SOWNOXA12AB0184353
58,4/6/2014,1,692313,SOKPCQK12A8C14038A
59,5/18/2014,1,539081,SOSCCOO12A8C13F0AF
60,11/1/2015,4,163874,SOAOCAG12A6D4FA89E
61,6/22/2014,3,575792,SOGXHEG12AB018653E
62,2/16/2014,1,815863,SOIUGDX12A6D4FDECA
63,5/18/2014,1,25811,SOSGQPS12A8AE48538
64,4/13/2014,1,135122,SOSLFMU12AB018FFEA
65,1/5/2014,1,149958,SOCTSJA12AC9618325
66,4/27/2014,1,535188,SOQZWXR12AB017FDE3
67,5/3/2015,4,372309,SOTNQRU12A8C131FEF
68,5/3/2015,4,541101,SOOCMUD12AC4686532
69,7/3/2016,5,605134,SOKZYGT12A8C139568
70,4/20/2014,1,239740,SOCSZYG12AB01871C2
71,3/8/2015,4,386995,SOERSTG12AC4685824
72,4/12/2015,4,223365,SOZFCZN12AB017E894
73,9/6/2015,4,652784,SOCJFFQ12A8C13E02A
74,5/22/2016,4,45730,SODXUDI12A8C1408A2
75,2/9/2014,1,672016,SOFYSKU12A8C13A72B
76,11/29/2015,4,160881,SOWXSQT12A6D4FC02E
77,7/26/2015,4,59744,SOWNOXA12AB0184353
78,3/1/2015,4,373723,SOKPCQK12A8C14038A
79,2/22/2015,4,228326,SOSCCOO12A8C13F0AF
80,10/25/2015,4,463514,SOAOCAG12A6D4FA89E
81,10/18/2015,4,643400,SOGXHEG12AB018653E
82,1/18/2015,4,663761,SOIUGDX12A6D4FDECA
83,6/15/2014,2,12882,SOSGQPS12A8AE48538
84,3/20/2016,4,270281,SOSLFMU12AB018FFEA
85,1/5/2014,1,244586,SOCTSJA12AC9618325
86,7/12/2015,4,157648,SOQZWXR12AB017FDE3
87,9/13/2015,4,644631,SOTNQRU12A8C131FEF
88,5/15/2016,4,730551,SOOCMUD12AC4686532
89,4/27/2014,1,709879,SOKZYGT12A8C139568
90,1/24/2016,4,706005,SOCSZYG12AB01871C2
91,3/9/2014,1,42595,SOERSTG12AC4685824
92,3/22/2015,4,782470,SOZFCZN12AB017E894
93,1/11/2015,4,28723,SOCJFFQ12A8C13E02A
94,2/2/2014,1,557761,SODXUDI12A8C1408A2
95,2/22/2015,4,417945,SOFYSKU12A8C13A72B
96,10/11/2015,4,575531,SOWXSQT12A6D4FC02E
97,8/10/2014,3,300848,SOWNOXA12AB0184353
98,10/26/2014,3,300822,SOKPCQK12A8C14038A
99,1/4/2015,4,514953,SOSCCOO12A8C13F0AF
100,4/3/2016,4,287650,SOAOCAG12A6D4FA89E
101,12/14/2014,4,611336,SOGXHEG12AB018653E
102,2/1/2015,4,41838,SOIUGDX12A6D4FDECA
103,9/6/2015,4,25824,SOSGQPS12A8AE48538
104,6/14/2015,4,8876,SOSLFMU12AB018FFEA
105,5/11/2014,1,358182,SOCTSJA12AC9618325
106,5/10/2015,4,692313,SOQZWXR12AB017FDE3
107,7/3/2016,5,539081,SOTNQRU12A8C131FEF
108,1/3/2016,4,163874,SOOCMUD12AC4686532
109,2/15/2015,4,575792,SOKZYGT12A8C139568
110,7/12/2015,4,815863,SOCSZYG12AB01871C2
111,4/6/2014,1,25811,SOERSTG12AC4685824
112,4/10/2016,4,135122,SOZFCZN12AB017E894
113,3/2/2014,1,149958,SOCJFFQ12A8C13E02A
114,2/22/2015,4,535188,SODXUDI12A8C1408A2
115,8/14/2016,5,372309,SOFYSKU12A8C13A72B
116,7/26/2015,4,541101,SOWXSQT12A6D4FC02E
117,8/10/2014,3,605134,SOWNOXA12AB0184353
118,1/11/2015,4,239740,SOKPCQK12A8C14038A
119,6/15/2014,2,386995,SOSCCOO12A8C13F0AF
120,1/11/2015,4,223365,SOAOCAG12A6D4FA89E
121,8/31/2014,3,652784,SOGXHEG12AB018653E
122,11/2/2014,4,45730,SOIUGDX12A6D4FDECA
123,9/27/2015,4,672016,SOSGQPS12A8AE48538
124,2/28/2016,4,160881,SOSLFMU12AB018FFEA
125,12/28/2014,4,59744,SOCTSJA12AC9618325
126,5/1/2016,4,373723,SOQZWXR12AB017FDE3
127,7/27/2014,3,228326,SOTNQRU12A8C131FEF
128,11/22/2015,4,463514,SOOCMUD12AC4686532
129,11/16/2014,4,643400,SOKZYGT12A8C139568
130,2/16/2014,1,663761,SOCSZYG12AB01871C2
131,2/2/2014,1,12882,SOERSTG12AC4685824
132,7/3/2016,5,270281,SOZFCZN12AB017E894
133,8/17/2014,3,244586,SOCJFFQ12A8C13E02A
134,7/12/2015,4,157648,SODXUDI12A8C1408A2
135,3/23/2014,1,644631,SOFYSKU12A8C13A72B
136,12/21/2014,4,730551,SOWXSQT12A6D4FC02E
137,4/3/2016,4,709879,SOWNOXA12AB0184353
138,6/19/2016,5,706005,SOKPCQK12A8C14038A
139,4/5/2015,4,42595,SOSCCOO12A8C13F0AF
140,10/12/2014,3,782470,SOAOCAG12A6D4FA89E
141,10/5/2014,3,28723,SOGXHEG12AB018653E
142,2/7/2016,4,557761,SOIUGDX12A6D4FDECA
143,4/20/2014,1,417945,SOSGQPS12A8AE48538
144,7/6/2014,3,575531,SOSLFMU12AB018FFEA
145,1/25/2015,4,300848,SOCTSJA12AC9618325
146,4/26/2015,4,300822,SOQZWXR12AB017FDE3
147,5/31/2015,4,514953,SOTNQRU12A8C131FEF
148,9/14/2014,3,287650,SOOCMUD12AC4686532
149,7/10/2016,5,611336,SOKZYGT12A8C139568
150,5/11/2014,1,41838,SOCSZYG12AB01871C2
151,12/7/2014,4,25824,SOERSTG12AC4685824
152,12/20/2015,4,8876,SOZFCZN12AB017E894
153,12/14/2014,4,358182,SOCJFFQ12A8C13E02A
154,5/17/2015,4,692313,SODXUDI12A8C1408A2
155,5/8/2016,4,539081,SOFYSKU12A8C13A72B
156,12/6/2015,4,163874,SOWXSQT12A6D4FC02E
157,4/26/2015,4,575792,SOWNOXA12AB0184353
158,9/14/2014,3,815863,SOKPCQK12A8C14038A
159,2/7/2016,4,25811,SOSCCOO12A8C13F0AF
160,3/27/2016,4,135122,SOAOCAG12A6D4FA89E
161,2/9/2014,1,149958,SOGXHEG12AB018653E
162,6/19/2016,5,535188,SOIUGDX12A6D4FDECA
163,12/7/2014,4,372309,SOSGQPS12A8AE48538
164,2/15/2015,4,541101,SOSLFMU12AB018FFEA
165,6/5/2016,4,605134,SOCTSJA12AC9618325
166,12/7/2014,4,239740,SOQZWXR12AB017FDE3
167,11/9/2014,4,386995,SOTNQRU12A8C131FEF
168,12/13/2015,4,223365,SOOCMUD12AC4686532
169,1/17/2016,4,652784,SOKZYGT12A8C139568
170,3/20/2016,4,45730,SOCSZYG12AB01871C2
171,3/23/2014,1,672016,SOERSTG12AC4685824
172,8/17/2014,3,160881,SOZFCZN12AB017E894
173,3/6/2016,4,59744,SOCJFFQ12A8C13E02A
174,5/10/2015,4,373723,SODXUDI12A8C1408A2
175,8/9/2015,4,228326,SOFYSKU12A8C13A72B
176,7/13/2014,3,463514,SOWXSQT12A6D4FC02E
177,5/3/2015,4,643400,SOWNOXA12AB0184353
178,3/16/2014,1,663761,SOKPCQK12A8C14038A
179,10/26/2014,3,12882,SOSCCOO12A8C13F0AF
180,9/14/2014,3,270281,SOAOCAG12A6D4FA89E
181,2/7/2016,4,244586,SOGXHEG12AB018653E
182,11/23/2014,4,157648,SOIUGDX12A6D4FDECA
183,4/6/2014,1,644631,SOSGQPS12A8AE48538
184,8/24/2014,3,730551,SOSLFMU12AB018FFEA
185,4/17/2016,4,709879,SOCTSJA12AC9618325
186,5/31/2015,4,706005,SOQZWXR12AB017FDE3
187,1/3/2016,4,42595,SOTNQRU12A8C131FEF
188,6/12/2016,4,782470,SOOCMUD12AC4686532
189,6/1/2014,2,28723,SOKZYGT12A8C139568
190,5/18/2014,1,557761,SOCSZYG12AB01871C2
191,10/25/2015,4,417945,SOERSTG12AC4685824
192,9/28/2014,3,575531,SOZFCZN12AB017E894
193,5/1/2016,4,300848,SOCJFFQ12A8C13E02A
194,1/19/2014,1,300822,SODXUDI12A8C1408A2
195,1/11/2015,4,514953,SOFYSKU12A8C13A72B
196,5/15/2016,4,287650,SOWXSQT12A6D4FC02E
197,7/24/2016,5,611336,SOWNOXA12AB0184353
198,4/19/2015,4,41838,SOKPCQK12A8C14038A
199,10/19/2014,3,25824,SOSCCOO12A8C13F0AF
200,1/3/2016,4,8876,SOAOCAG12A6D4FA89E
201,11/8/2015,4,358182,SOGXHEG12AB018653E
202,5/24/2015,4,692313,SOIUGDX12A6D4FDECA
203,2/1/2015,4,539081,SOSGQPS12A8AE48538
204,4/17/2016,4,163874,SOSLFMU12AB018FFEA
205,2/28/2016,4,575792,SOCTSJA12AC9618325
206,5/17/2015,4,815863,SOQZWXR12AB017FDE3
207,12/20/2015,4,25811,SOTNQRU12A8C131FEF
208,6/1/2014,1,135122,SOOCMUD12AC4686532
209,8/23/2015,4,149958,SOKZYGT12A8C139568
210,4/6/2014,1,535188,SOCSZYG12AB01871C2
211,10/19/2014,3,372309,SOERSTG12AC4685824
212,4/13/2014,1,541101,SOZFCZN12AB017E894
213,8/10/2014,3,605134,SOCJFFQ12A8C13E02A
214,7/5/2015,4,239740,SODXUDI12A8C1408A2
215,11/16/2014,4,386995,SOFYSKU12A8C13A72B
216,6/8/2014,2,223365,SOWXSQT12A6D4FC02E
217,7/5/2015,4,652784,SOWNOXA12AB0184353
218,6/19/2016,5,45730,SOKPCQK12A8C14038A
219,11/23/2014,4,672016,SOSCCOO12A8C13F0AF
220,3/29/2015,4,160881,SOAOCAG12A6D4FA89E
221,1/18/2015,4,59744,SOGXHEG12AB018653E
222,11/2/2014,4,373723,SOIUGDX12A6D4FDECA
223,11/8/2015,4,228326,SOSGQPS12A8AE48538
224,6/26/2016,5,463514,SOSLFMU12AB018FFEA
225,1/11/2015,4,643400,SOCTSJA12AC9618325
226,4/3/2016,4,663761,SOQZWXR12AB017FDE3
227,5/11/2014,1,12882,SOTNQRU12A8C131FEF
228,3/1/2015,4,270281,SOOCMUD12AC4686532
229,4/10/2016,4,244586,SOKZYGT12A8C139568
230,1/12/2014,1,157648,SOCSZYG12AB01871C2
231,7/17/2016,5,644631,SOERSTG12AC4685824
232,4/3/2016,4,730551,SOZFCZN12AB017E894
233,3/23/2014,1,709879,SOCJFFQ12A8C13E02A
234,6/14/2015,4,706005,SODXUDI12A8C1408A2
235,12/27/2015,4,42595,SOFYSKU12A8C13A72B
236,1/24/2016,4,782470,SOWXSQT12A6D4FC02E
237,6/1/2014,2,28723,SOWNOXA12AB0184353
238,1/3/2016,4,557761,SOKPCQK12A8C14038A
239,10/12/2014,3,417945,SOSCCOO12A8C13F0AF
240,3/8/2015,4,575531,SOAOCAG12A6D4FA89E
241,2/21/2016,4,300848,SOGXHEG12AB018653E
242,12/27/2015,4,300822,SOIUGDX12A6D4FDECA
243,12/13/2015,4,514953,SOSGQPS12A8AE48538
244,3/30/2014,1,287650,SOSLFMU12AB018FFEA
245,4/6/2014,1,611336,SOCTSJA12AC9618325
246,2/8/2015,4,41838,SOQZWXR12AB017FDE3
247,4/10/2016,4,25824,SOTNQRU12A8C131FEF
248,7/10/2016,5,8876,SOOCMUD12AC4686532
249,5/22/2016,4,358182,SOKZYGT12A8C139568
250,8/17/2014,3,692313,SOCSZYG12AB01871C2
251,3/23/2014,1,539081,SOERSTG12AC4685824
252,3/29/2015,4,163874,SOZFCZN12AB017E894
253,10/26/2014,3,575792,SOCJFFQ12A8C13E02A
254,7/5/2015,4,815863,SODXUDI12A8C1408A2
255,4/20/2014,1,25811,SOFYSKU12A8C13A72B
256,8/17/2014,3,135122,SOWXSQT12A6D4FC02E
257,6/8/2014,2,149958,SOWNOXA12AB0184353
258,6/12/2016,4,535188,SOKPCQK12A8C14038A
259,11/30/2014,4,372309,SOSCCOO12A8C13F0AF
260,7/3/2016,5,541101,SOAOCAG12A6D4FA89E
261,4/5/2015,4,605134,SOGXHEG12AB018653E
262,6/5/2016,4,239740,SOIUGDX12A6D4FDECA
263,11/15/2015,4,386995,SOSGQPS12A8AE48538
264,3/2/2014,1,223365,SOSLFMU12AB018FFEA
265,10/4/2015,4,652784,SOCTSJA12AC9618325
266,5/17/2015,4,45730,SOQZWXR12AB017FDE3
267,3/9/2014,1,672016,SOTNQRU12A8C131FEF
268,5/22/2016,4,160881,SOOCMUD12AC4686532
269,2/16/2014,1,59744,SOKZYGT12A8C139568
270,3/9/2014,1,373723,SOCSZYG12AB01871C2
271,3/30/2014,1,228326,SOERSTG12AC4685824
272,3/30/2014,1,463514,SOZFCZN12AB017E894
273,5/3/2015,4,643400,SOCJFFQ12A8C13E02A
274,12/28/2014,4,663761,SODXUDI12A8C1408A2
275,4/20/2014,1,12882,SOFYSKU12A8C13A72B
276,2/28/2016,4,270281,SOWXSQT12A6D4FC02E
277,5/29/2016,4,244586,SOWNOXA12AB0184353
278,7/6/2014,3,157648,SOKPCQK12A8C14038A
279,5/11/2014,1,644631,SOSCCOO12A8C13F0AF
280,1/10/2016,4,730551,SOAOCAG12A6D4FA89E
281,5/29/2016,4,709879,SOGXHEG12AB018653E
282,7/17/2016,5,706005,SOIUGDX12A6D4FDECA
283,11/2/2014,3,42595,SOSGQPS12A8AE48538
284,12/27/2015,4,782470,SOSLFMU12AB018FFEA
285,3/16/2014,1,28723,SOCTSJA12AC9618325
286,12/7/2014,4,557761,SOQZWXR12AB017FDE3
287,8/30/2015,4,417945,SOTNQRU12A8C131FEF
288,10/19/2014,3,575531,SOOCMUD12AC4686532
289,6/29/2014,3,300848,SOKZYGT12A8C139568
290,8/31/2014,3,300822,SOCSZYG12AB01871C2
291,11/9/2014,4,514953,SOERSTG12AC4685824
292,4/20/2014,1,287650,SOZFCZN12AB017E894
293,8/31/2014,3,611336,SOCJFFQ12A8C13E02A
294,5/24/2015,4,41838,SODXUDI12A8C1408A2
295,3/13/2016,4,25824,SOFYSKU12A8C13A72B
296,1/10/2016,4,8876,SOWXSQT12A6D4FC02E
297,5/3/2015,4,358182,SOWNOXA12AB0184353
298,12/13/2015,4,692313,SOKPCQK12A8C14038A
299,1/31/2016,4,539081,SOSCCOO12A8C13F0AF
300,1/3/2016,4,163874,SOAOCAG12A6D4FA89E
301,11/16/2014,4,575792,SOGXHEG12AB018653E
302,2/28/2016,4,815863,SOIUGDX12A6D4FDECA
303,6/14/2015,4,25811,SOSGQPS12A8AE48538
304,12/21/2014,4,135122,SOSLFMU12AB018FFEA
305,11/23/2014,4,149958,SOCTSJA12AC9618325
306,1/4/2015,4,535188,SOQZWXR12AB017FDE3
307,3/30/2014,1,372309,SOTNQRU12A8C131FEF
308,7/24/2016,5,541101,SOOCMUD12AC4686532
309,8/7/2016,5,605134,SOKZYGT12A8C139568
310,7/10/2016,5,239740,SOCSZYG12AB01871C2
311,6/22/2014,3,386995,SOERSTG12AC4685824
312,1/26/2014,1,223365,SOZFCZN12AB017E894
313,4/12/2015,4,652784,SOCJFFQ12A8C13E02A
314,5/10/2015,4,45730,SODXUDI12A8C1408A2
315,10/19/2014,3,672016,SOFYSKU12A8C13A72B
316,4/19/2015,4,160881,SOWXSQT12A6D4FC02E
317,4/12/2015,4,59744,SOWNOXA12AB0184353
318,10/11/2015,4,373723,SOKPCQK12A8C14038A
319,2/23/2014,1,228326,SOSCCOO12A8C13F0AF
320,3/13/2016,4,463514,SOAOCAG12A6D4FA89E
321,12/21/2014,4,643400,SOGXHEG12AB018653E
322,1/5/2014,1,663761,SOIUGDX12A6D4FDECA
323,11/23/2014,4,12882,SOSGQPS12A8AE48538
324,6/15/2014,2,270281,SOSLFMU12AB018FFEA
325,3/15/2015,4,244586,SOCTSJA12AC9618325
326,5/31/2015,4,157648,SOQZWXR12AB017FDE3
327,7/6/2014,3,644631,SOTNQRU12A8C131FEF
328,3/2/2014,1,730551,SOOCMUD12AC4686532
329,10/12/2014,3,709879,SOKZYGT12A8C139568
330,8/16/2015,4,706005,SOCSZYG12AB01871C2
331,6/29/2014,3,42595,SOERSTG12AC4685824
332,8/17/2014,3,782470,SOZFCZN12AB017E894
333,6/21/2015,4,28723,SOCJFFQ12A8C13E02A
334,3/20/2016,4,557761,SODXUDI12A8C1408A2
335,6/26/2016,5,417945,SOFYSKU12A8C13A72B
336,9/28/2014,3,575531,SOWXSQT12A6D4FC02E
337,3/8/2015,4,300848,SOWNOXA12AB0184353
338,7/17/2016,5,300822,SOKPCQK12A8C14038A
339,7/24/2016,5,514953,SOSCCOO12A8C13F0AF
340,2/14/2016,4,287650,SOAOCAG12A6D4FA89E
341,1/24/2016,4,611336,SOGXHEG12AB018653E
342,2/8/2015,4,41838,SOIUGDX12A6D4FDECA
343,2/7/2016,4,25824,SOSGQPS12A8AE48538
344,7/19/2015,4,8876,SOSLFMU12AB018FFEA
345,12/20/2015,4,358182,SOCTSJA12AC9618325
346,1/24/2016,4,692313,SOQZWXR12AB017FDE3
347,2/16/2014,1,539081,SOTNQRU12A8C131FEF
348,2/14/2016,4,163874,SOOCMUD12AC4686532
349,3/22/2015,4,575792,SOKZYGT12A8C139568
350,7/6/2014,3,815863,SOCSZYG12AB01871C2
351,3/13/2016,4,25811,SOERSTG12AC4685824
352,5/11/2014,1,135122,SOZFCZN12AB017E894
353,5/11/2014,1,149958,SOCJFFQ12A8C13E02A
354,4/12/2015,4,535188,SODXUDI12A8C1408A2
355,7/12/2015,4,372309,SOFYSKU12A8C13A72B
356,8/30/2015,4,541101,SOWXSQT12A6D4FC02E
357,5/18/2014,1,605134,SOWNOXA12AB0184353
358,5/17/2015,4,239740,SOKPCQK12A8C14038A
359,6/26/2016,5,386995,SOSCCOO12A8C13F0AF
360,6/12/2016,4,223365,SOAOCAG12A6D4FA89E
361,5/4/2014,1,652784,SOGXHEG12AB018653E
362,3/9/2014,1,45730,SOIUGDX12A6D4FDECA
363,5/24/2015,4,672016,SOSGQPS12A8AE48538
364,7/31/2016,5,160881,SOSLFMU12AB018FFEA
365,5/10/2015,4,59744,SOCTSJA12AC9618325
366,7/31/2016,5,373723,SOQZWXR12AB017FDE3
367,1/31/2016,4,228326,SOTNQRU12A8C131FEF
368,5/4/2014,1,463514,SOOCMUD12AC4686532
369,7/5/2015,4,643400,SOKZYGT12A8C139568
370,2/23/2014,1,663761,SOCSZYG12AB01871C2
371,6/22/2014,3,12882,SOERSTG12AC4685824
372,3/16/2014,1,270281,SOZFCZN12AB017E894
373,8/30/2015,4,244586,SOCJFFQ12A8C13E02A
374,4/13/2014,1,157648,SODXUDI12A8C1408A2
375,7/12/2015,4,644631,SOFYSKU12A8C13A72B
376,3/6/2016,4,730551,SOWXSQT12A6D4FC02E
377,12/6/2015,4,709879,SOWNOXA12AB0184353
378,3/23/2014,1,706005,SOKPCQK12A8C14038A
379,7/31/2016,5,42595,SOSCCOO12A8C13F0AF
380,6/7/2015,4,782470,SOAOCAG12A6D4FA89E
381,11/16/2014,4,28723,SOGXHEG12AB018653E
382,5/4/2014,1,557761,SOIUGDX12A6D4FDECA
383,7/26/2015,4,417945,SOSGQPS12A8AE48538
384,6/8/2014,2,575531,SOSLFMU12AB018FFEA
385,3/30/2014,1,300848,SOCTSJA12AC9618325
386,8/7/2016,5,300822,SOQZWXR12AB017FDE3
387,3/22/2015,4,514953,SOTNQRU12A8C131FEF
388,2/14/2016,4,287650,SOOCMUD12AC4686532
389,9/7/2014,3,611336,SOKZYGT12A8C139568
390,11/22/2015,4,41838,SOCSZYG12AB01871C2
391,12/13/2015,4,25824,SOERSTG12AC4685824
392,3/22/2015,4,8876,SOZFCZN12AB017E894
393,12/13/2015,4,358182,SOCJFFQ12A8C13E02A
394,8/16/2015,4,692313,SODXUDI12A8C1408A2
395,12/27/2015,4,539081,SOFYSKU12A8C13A72B
396,7/12/2015,4,163874,SOWXSQT12A6D4FC02E
397,3/20/2016,4,575792,SOWNOXA12AB0184353
398,1/18/2015,4,815863,SOKPCQK12A8C14038A
399,4/27/2014,1,25811,SOSCCOO12A8C13F0AF
400,8/24/2014,3,135122,SOAOCAG12A6D4FA89E
401,4/13/2014,1,149958,SOGXHEG12AB018653E
402,11/15/2015,4,535188,SOIUGDX12A6D4FDECA
403,11/15/2015,4,372309,SOSGQPS12A8AE48538
404,4/27/2014,1,541101,SOSLFMU12AB018FFEA
405,8/23/2015,4,605134,SOCTSJA12AC9618325
406,2/16/2014,1,239740,SOQZWXR12AB017FDE3
407,6/1/2014,2,386995,SOTNQRU12A8C131FEF
408,4/19/2015,4,223365,SOOCMUD12AC4686532
409,12/14/2014,4,652784,SOKZYGT12A8C139568
410,7/12/2015,4,45730,SOCSZYG12AB01871C2
411,8/30/2015,4,672016,SOERSTG12AC4685824
412,2/14/2016,4,160881,SOZFCZN12AB017E894
413,6/7/2015,4,59744,SOCJFFQ12A8C13E02A
414,9/7/2014,3,373723,SODXUDI12A8C1408A2
415,4/13/2014,1,228326,SOFYSKU12A8C13A72B
416,5/4/2014,1,463514,SOWXSQT12A6D4FC02E
417,6/5/2016,4,643400,SOWNOXA12AB0184353
418,9/14/2014,3,663761,SOKPCQK12A8C14038A
419,6/26/2016,5,12882,SOSCCOO12A8C13F0AF
420,2/23/2014,1,270281,SOAOCAG12A6D4FA89E
421,11/29/2015,4,244586,SOGXHEG12AB018653E
422,11/9/2014,4,157648,SOIUGDX12A6D4FDECA
423,1/4/2015,4,644631,SOSGQPS12A8AE48538
424,11/1/2015,4,730551,SOSLFMU12AB018FFEA
425,4/27/2014,1,709879,SOCTSJA12AC9618325
426,2/23/2014,1,706005,SOQZWXR12AB017FDE3
427,4/6/2014,1,42595,SOTNQRU12A8C131FEF
428,4/20/2014,1,782470,SOOCMUD12AC4686532
429,2/2/2014,1,28723,SOKZYGT12A8C139568
430,3/15/2015,4,557761,SOCSZYG12AB01871C2
431,6/12/2016,4,417945,SOERSTG12AC4685824
432,11/22/2015,4,575531,SOZFCZN12AB017E894
433,11/29/2015,4,300848,SOCJFFQ12A8C13E02A
434,11/9/2014,4,300822,SODXUDI12A8C1408A2
435,7/10/2016,5,514953,SOFYSKU12A8C13A72B
436,12/14/2014,4,287650,SOWXSQT12A6D4FC02E
437,3/23/2014,1,611336,SOWNOXA12AB0184353
438,2/15/2015,4,41838,SOKPCQK12A8C14038A
439,12/27/2015,4,25824,SOSCCOO12A8C13F0AF
440,8/3/2014,3,8876,SOAOCAG12A6D4FA89E
441,2/16/2014,1,358182,SOGXHEG12AB018653E
442,2/28/2016,4,692313,SOIUGDX12A6D4FDECA
443,7/19/2015,4,539081,SOSGQPS12A8AE48538
444,4/26/2015,4,163874,SOSLFMU12AB018FFEA
445,8/2/2015,4,575792,SOCTSJA12AC9618325
446,9/21/2014,3,815863,SOQZWXR12AB017FDE3
447,4/17/2016,4,25811,SOTNQRU12A8C131FEF
448,12/28/2014,4,135122,SOOCMUD12AC4686532
449,11/2/2014,4,149958,SOKZYGT12A8C139568
450,3/8/2015,4,535188,SOCSZYG12AB01871C2
451,8/14/2016,5,372309,SOERSTG12AC4685824
452,7/31/2016,5,541101,SOZFCZN12AB017E894
453,4/3/2016,4,605134,SOCJFFQ12A8C13E02A
454,6/1/2014,2,239740,SODXUDI12A8C1408A2
455,10/19/2014,3,386995,SOFYSKU12A8C13A72B
456,1/24/2016,4,223365,SOWXSQT12A6D4FC02E
457,6/22/2014,3,652784,SOWNOXA12AB0184353
458,1/18/2015,4,45730,SOKPCQK12A8C14038A
459,6/15/2014,2,672016,SOSCCOO12A8C13F0AF
460,4/20/2014,1,160881,SOAOCAG12A6D4FA89E
461,7/13/2014,3,59744,SOGXHEG12AB018653E
462,12/20/2015,4,373723,SOIUGDX12A6D4FDECA
463,4/26/2015,4,228326,SOSGQPS12A8AE48538
464,1/10/2016,4,463514,SOSLFMU12AB018FFEA
465,7/12/2015,4,643400,SOCTSJA12AC9618325
466,3/22/2015,4,663761,SOQZWXR12AB017FDE3
467,12/28/2014,4,12882,SOTNQRU12A8C131FEF
468,5/1/2016,4,270281,SOOCMUD12AC4686532
469,8/16/2015,4,244586,SOKZYGT12A8C139568
470,11/9/2014,4,157648,SOCSZYG12AB01871C2
471,7/24/2016,5,644631,SOERSTG12AC4685824
472,9/6/2015,4,730551,SOZFCZN12AB017E894
473,7/6/2014,3,709879,SOCJFFQ12A8C13E02A
474,7/24/2016,5,706005,SODXUDI12A8C1408A2
475,10/19/2014,3,42595,SOFYSKU12A8C13A72B
476,5/24/2015,4,782470,SOWXSQT12A6D4FC02E
477,10/11/2015,4,28723,SOWNOXA12AB0184353
478,3/2/2014,1,557761,SOKPCQK12A8C14038A
479,10/25/2015,4,417945,SOSCCOO12A8C13F0AF
480,5/15/2016,4,575531,SOAOCAG12A6D4FA89E
481,1/12/2014,1,300848,SOGXHEG12AB018653E
482,5/25/2014,1,300822,SOIUGDX12A6D4FDECA
483,7/31/2016,5,514953,SOSGQPS12A8AE48538
484,5/8/2016,4,287650,SOSLFMU12AB018FFEA
485,3/29/2015,4,611336,SOCTSJA12AC9618325
486,8/10/2014,3,41838,SOQZWXR12AB017FDE3
487,12/20/2015,4,25824,SOTNQRU12A8C131FEF
488,5/3/2015,4,8876,SOOCMUD12AC4686532
489,7/5/2015,4,358182,SOKZYGT12A8C139568
490,10/25/2015,4,692313,SOCSZYG12AB01871C2
491,6/22/2014,3,539081,SOERSTG12AC4685824
492,5/15/2016,4,163874,SOZFCZN12AB017E894
493,1/5/2014,0,575792,SOCJFFQ12A8C13E02A
494,5/29/2016,4,815863,SODXUDI12A8C1408A2
495,9/6/2015,4,25811,SOFYSKU12A8C13A72B
496,7/20/2014,3,135122,SOWXSQT12A6D4FC02E
497,8/2/2015,4,149958,SOWNOXA12AB0184353
498,2/14/2016,4,535188,SOKPCQK12A8C14038A
499,11/8/2015,4,372309,SOSCCOO12A8C13F0AF
500,6/5/2016,4,541101,SOAOCAG12A6D4FA89E
501,6/14/2015,4,605134,SOGXHEG12AB018653E
502,12/7/2014,4,239740,SOIUGDX12A6D4FDECA
503,4/10/2016,4,386995,SOSGQPS12A8AE48538
504,4/3/2016,4,223365,SOSLFMU12AB018FFEA
505,3/23/2014,1,652784,SOCTSJA12AC9618325
506,3/6/2016,4,45730,SOQZWXR12AB017FDE3
507,11/15/2015,4,672016,SOTNQRU12A8C131FEF
508,2/22/2015,4,160881,SOOCMUD12AC4686532
509,10/12/2014,3,59744,SOKZYGT12A8C139568
510,1/19/2014,1,373723,SOCSZYG12AB01871C2
511,1/5/2014,1,228326,SOERSTG12AC4685824
512,10/26/2014,3,463514,SOZFCZN12AB017E894
513,11/22/2015,4,643400,SOCJFFQ12A8C13E02A
514,1/19/2014,1,663761,SODXUDI12A8C1408A2
515,1/19/2014,1,12882,SOFYSKU12A8C13A72B
516,3/8/2015,4,270281,SOWXSQT12A6D4FC02E
517,1/10/2016,4,244586,SOWNOXA12AB0184353
518,8/7/2016,5,157648,SOKPCQK12A8C14038A
519,8/9/2015,4,644631,SOSCCOO12A8C13F0AF
520,12/20/2015,4,730551,SOAOCAG12A6D4FA89E
521,5/22/2016,4,709879,SOGXHEG12AB018653E
522,2/22/2015,4,706005,SOIUGDX12A6D4FDECA
523,8/17/2014,3,42595,SOSGQPS12A8AE48538
524,7/5/2015,4,782470,SOSLFMU12AB018FFEA
525,7/5/2015,4,28723,SOCTSJA12AC9618325
526,10/5/2014,3,557761,SOQZWXR12AB017FDE3
527,6/28/2015,4,417945,SOTNQRU12A8C131FEF
528,7/19/2015,4,575531,SOOCMUD12AC4686532
529,9/20/2015,4,300848,SOKZYGT12A8C139568
530,1/11/2015,4,300822,SOCSZYG12AB01871C2
531,2/14/2016,4,514953,SOERSTG12AC4685824
532,5/22/2016,4,287650,SOZFCZN12AB017E894
533,1/31/2016,4,611336,SOCJFFQ12A8C13E02A
534,11/22/2015,4,41838,SODXUDI12A8C1408A2
535,10/4/2015,4,25824,SOFYSKU12A8C13A72B
536,6/19/2016,5,8876,SOWXSQT12A6D4FC02E
537,1/31/2016,4,358182,SOWNOXA12AB0184353
538,5/24/2015,4,692313,SOKPCQK12A8C14038A
539,12/21/2014,4,539081,SOSCCOO12A8C13F0AF
540,5/8/2016,4,163874,SOAOCAG12A6D4FA89E
541,12/13/2015,4,575792,SOGXHEG12AB018653E
542,6/19/2016,5,815863,SOIUGDX12A6D4FDECA
543,7/20/2014,3,25811,SOSGQPS12A8AE48538
544,11/8/2015,4,135122,SOSLFMU12AB018FFEA
545,9/13/2015,4,149958,SOCTSJA12AC9618325
546,5/24/2015,4,535188,SOQZWXR12AB017FDE3
547,3/16/2014,1,372309,SOTNQRU12A8C131FEF
548,6/8/2014,2,541101,SOOCMUD12AC4686532
549,2/16/2014,1,605134,SOKZYGT12A8C139568
550,4/3/2016,4,239740,SOCSZYG12AB01871C2
551,12/14/2014,4,386995,SOERSTG12AC4685824
552,6/14/2015,4,223365,SOZFCZN12AB017E894
553,3/8/2015,4,652784,SOCJFFQ12A8C13E02A
554,12/21/2014,4,45730,SODXUDI12A8C1408A2
555,4/26/2015,4,672016,SOFYSKU12A8C13A72B
556,3/22/2015,4,160881,SOWXSQT12A6D4FC02E
557,4/5/2015,4,59744,SOWNOXA12AB0184353
558,4/10/2016,4,373723,SOKPCQK12A8C14038A
559,1/17/2016,4,228326,SOSCCOO12A8C13F0AF
560,5/24/2015,4,463514,SOAOCAG12A6D4FA89E
561,4/27/2014,1,643400,SOGXHEG12AB018653E
562,10/26/2014,3,663761,SOIUGDX12A6D4FDECA
563,4/19/2015,4,12882,SOSGQPS12A8AE48538
564,2/2/2014,1,270281,SOSLFMU12AB018FFEA
565,8/9/2015,4,244586,SOCTSJA12AC9618325
566,1/31/2016,4,157648,SOQZWXR12AB017FDE3
567,1/31/2016,4,644631,SOTNQRU12A8C131FEF
568,6/29/2014,3,730551,SOOCMUD12AC4686532
569,6/28/2015,4,709879,SOKZYGT12A8C139568
570,2/9/2014,1,706005,SOCSZYG12AB01871C2
571,10/4/2015,4,42595,SOERSTG12AC4685824
572,8/23/2015,4,782470,SOZFCZN12AB017E894
573,10/25/2015,4,28723,SOCJFFQ12A8C13E02A
574,2/21/2016,4,557761,SODXUDI12A8C1408A2
575,3/23/2014,1,417945,SOFYSKU12A8C13A72B
576,1/19/2014,1,575531,SOWXSQT12A6D4FC02E
577,2/7/2016,4,300848,SOWNOXA12AB0184353
578,5/3/2015,4,300822,SOKPCQK12A8C14038A
579,6/14/2015,4,514953,SOSCCOO12A8C13F0AF
580,11/23/2014,4,287650,SOAOCAG12A6D4FA89E
581,1/10/2016,4,611336,SOGXHEG12AB018653E
582,9/28/2014,3,41838,SOIUGDX12A6D4FDECA
583,5/4/2014,1,25824,SOSGQPS12A8AE48538
584,4/26/2015,4,8876,SOSLFMU12AB018FFEA
585,6/5/2016,4,358182,SOCTSJA12AC9618325
586,7/12/2015,4,692313,SOQZWXR12AB017FDE3
587,6/1/2014,2,539081,SOTNQRU12A8C131FEF
588,4/6/2014,1,163874,SOOCMUD12AC4686532
589,8/30/2015,4,575792,SOKZYGT12A8C139568
590,9/28/2014,3,815863,SOCSZYG12AB01871C2
591,2/2/2014,1,25811,SOERSTG12AC4685824
592,2/21/2016,4,135122,SOZFCZN12AB017E894
593,4/24/2016,4,149958,SOCJFFQ12A8C13E02A
594,10/12/2014,3,535188,SODXUDI12A8C1408A2
595,1/31/2016,4,372309,SOFYSKU12A8C13A72B
596,7/10/2016,5,541101,SOWXSQT12A6D4FC02E
597,1/4/2015,4,605134,SOWNOXA12AB0184353
598,5/17/2015,4,239740,SOKPCQK12A8C14038A
599,7/10/2016,5,386995,SOSCCOO12A8C13F0AF
600,12/28/2014,4,223365,SOAOCAG12A6D4FA89E
601,11/29/2015,4,652784,SOGXHEG12AB018653E
602,3/16/2014,1,45730,SOIUGDX12A6D4FDECA
603,5/4/2014,1,672016,SOSGQPS12A8AE48538
604,2/9/2014,1,160881,SOSLFMU12AB018FFEA
605,4/26/2015,4,59744,SOCTSJA12AC9618325
606,6/5/2016,4,373723,SOQZWXR12AB017FDE3
607,8/30/2015,4,228326,SOTNQRU12A8C131FEF
608,10/4/2015,4,463514,SOOCMUD12AC4686532
609,11/16/2014,4,643400,SOKZYGT12A8C139568
610,3/9/2014,1,663761,SOCSZYG12AB01871C2
611,6/15/2014,2,12882,SOERSTG12AC4685824
612,2/28/2016,4,270281,SOZFCZN12AB017E894
613,4/5/2015,4,244586,SOCJFFQ12A8C13E02A
614,7/20/2014,3,157648,SODXUDI12A8C1408A2
615,10/26/2014,3,644631,SOFYSKU12A8C13A72B
616,12/27/2015,4,730551,SOWXSQT12A6D4FC02E
617,9/7/2014,3,709879,SOWNOXA12AB0184353
618,2/1/2015,4,706005,SOKPCQK12A8C14038A
619,6/21/2015,4,42595,SOSCCOO12A8C13F0AF
620,10/12/2014,3,782470,SOAOCAG12A6D4FA89E
621,6/15/2014,2,28723,SOGXHEG12AB018653E
622,5/10/2015,4,557761,SOIUGDX12A6D4FDECA
623,4/17/2016,4,417945,SOSGQPS12A8AE48538
624,6/14/2015,4,575531,SOSLFMU12AB018FFEA
625,11/29/2015,4,300848,SOCTSJA12AC9618325
626,1/10/2016,4,300822,SOQZWXR12AB017FDE3
627,3/16/2014,1,514953,SOTNQRU12A8C131FEF
628,8/30/2015,4,287650,SOOCMUD12AC4686532
629,5/3/2015,4,611336,SOKZYGT12A8C139568
630,12/13/2015,4,41838,SOCSZYG12AB01871C2
631,6/19/2016,5,25824,SOERSTG12AC4685824
632,2/28/2016,4,8876,SOZFCZN12AB017E894
633,4/3/2016,4,358182,SOCJFFQ12A8C13E02A
634,1/19/2014,1,692313,SODXUDI12A8C1408A2
635,7/6/2014,3,539081,SOFYSKU12A8C13A72B
636,1/4/2015,4,163874,SOWXSQT12A6D4FC02E
637,4/10/2016,4,575792,SOWNOXA12AB0184353
638,2/23/2014,1,815863,SOKPCQK12A8C14038A
639,6/1/2014,2,25811,SOSCCOO12A8C13F0AF
640,5/3/2015,4,135122,SOAOCAG12A6D4FA89E
641,3/6/2016,4,149958,SOGXHEG12AB018653E
642,7/17/2016,5,535188,SOIUGDX12A6D4FDECA
643,1/3/2016,4,372309,SOSGQPS12A8AE48538
644,1/4/2015,4,541101,SOSLFMU12AB018FFEA
645,4/5/2015,4,605134,SOCTSJA12AC9618325
646,12/28/2014,4,239740,SOQZWXR12AB017FDE3
647,1/3/2016,4,386995,SOTNQRU12A8C131FEF
648,7/17/2016,5,223365,SOOCMUD12AC4686532
649,1/24/2016,4,652784,SOKZYGT12A8C139568
650,2/21/2016,4,45730,SOCSZYG12AB01871C2
651,3/9/2014,1,672016,SOERSTG12AC4685824
652,2/28/2016,4,160881,SOZFCZN12AB017E894
653,6/28/2015,4,59744,SOCJFFQ12A8C13E02A
654,5/4/2014,1,373723,SODXUDI12A8C1408A2
655,7/20/2014,3,228326,SOFYSKU12A8C13A72B
656,4/12/2015,4,463514,SOWXSQT12A6D4FC02E
657,8/10/2014,3,643400,SOWNOXA12AB0184353
658,6/28/2015,4,663761,SOKPCQK12A8C14038A
659,5/18/2014,1,12882,SOSCCOO12A8C13F0AF
660,4/17/2016,4,270281,SOAOCAG12A6D4FA89E
661,12/27/2015,4,244586,SOGXHEG12AB018653E
662,10/19/2014,3,157648,SOIUGDX12A6D4FDECA
663,7/26/2015,4,644631,SOSGQPS12A8AE48538
664,4/5/2015,4,730551,SOSLFMU12AB018FFEA
665,2/8/2015,4,709879,SOCTSJA12AC9618325
666,1/11/2015,4,706005,SOQZWXR12AB017FDE3
667,5/1/2016,4,42595,SOTNQRU12A8C131FEF
668,2/1/2015,4,782470,SOOCMUD12AC4686532
669,8/9/2015,4,28723,SOKZYGT12A8C139568
670,11/22/2015,4,557761,SOCSZYG12AB01871C2
671,3/16/2014,1,417945,SOERSTG12AC4685824
672,8/14/2016,5,575531,SOZFCZN12AB017E894
673,8/24/2014,3,300848,SOCJFFQ12A8C13E02A
674,11/22/2015,4,300822,SODXUDI12A8C1408A2
675,6/19/2016,5,514953,SOFYSKU12A8C13A72B
676,6/22/2014,3,287650,SOWXSQT12A6D4FC02E
677,12/14/2014,4,611336,SOWNOXA12AB0184353
678,8/30/2015,4,41838,SOKPCQK12A8C14038A
679,9/27/2015,4,25824,SOSCCOO12A8C13F0AF
680,1/18/2015,4,8876,SOAOCAG12A6D4FA89E
681,9/14/2014,3,358182,SOGXHEG12AB018653E
682,4/5/2015,4,692313,SOIUGDX12A6D4FDECA
683,1/11/2015,4,539081,SOSGQPS12A8AE48538
684,7/19/2015,4,163874,SOSLFMU12AB018FFEA
685,8/31/2014,3,575792,SOCTSJA12AC9618325
686,4/17/2016,4,815863,SOQZWXR12AB017FDE3
687,3/29/2015,4,25811,SOTNQRU12A8C131FEF
688,7/24/2016,5,135122,SOOCMUD12AC4686532
689,11/30/2014,4,149958,SOKZYGT12A8C139568
690,5/15/2016,4,535188,SOCSZYG12AB01871C2
691,6/19/2016,5,372309,SOERSTG12AC4685824
692,3/1/2015,4,541101,SOZFCZN12AB017E894
693,10/26/2014,3,605134,SOCJFFQ12A8C13E02A
694,1/11/2015,4,239740,SODXUDI12A8C1408A2
695,4/17/2016,4,386995,SOFYSKU12A8C13A72B
696,11/9/2014,4,223365,SOWXSQT12A6D4FC02E
697,6/29/2014,3,652784,SOWNOXA12AB0184353
698,6/14/2015,4,45730,SOKPCQK12A8C14038A
699,5/1/2016,4,672016,SOSCCOO12A8C13F0AF
700,11/15/2015,4,160881,SOAOCAG12A6D4FA89E
701,9/21/2014,3,59744,SOGXHEG12AB018653E
702,4/19/2015,4,373723,SOIUGDX12A6D4FDECA
703,2/7/2016,4,228326,SOSGQPS12A8AE48538
704,10/11/2015,4,463514,SOSLFMU12AB018FFEA
705,3/30/2014,1,643400,SOCTSJA12AC9618325
706,11/29/2015,4,663761,SOQZWXR12AB017FDE3
707,5/4/2014,1,12882,SOTNQRU12A8C131FEF
708,3/1/2015,4,270281,SOOCMUD12AC4686532
709,3/9/2014,1,244586,SOKZYGT12A8C139568
710,3/30/2014,1,157648,SOCSZYG12AB01871C2
711,4/3/2016,4,644631,SOERSTG12AC4685824
712,2/15/2015,4,730551,SOZFCZN12AB017E894
713,5/22/2016,4,709879,SOCJFFQ12A8C13E02A
714,8/7/2016,5,706005,SODXUDI12A8C1408A2
715,5/17/2015,4,42595,SOFYSKU12A8C13A72B
716,11/23/2014,4,782470,SOWXSQT12A6D4FC02E
717,12/28/2014,4,28723,SOWNOXA12AB0184353
718,12/13/2015,4,557761,SOKPCQK12A8C14038A
719,11/22/2015,4,417945,SOSCCOO12A8C13F0AF
720,4/27/2014,1,575531,SOAOCAG12A6D4FA89E
721,2/1/2015,4,300848,SOGXHEG12AB018653E
722,5/4/2014,1,300822,SOIUGDX12A6D4FDECA
723,11/29/2015,4,514953,SOSGQPS12A8AE48538
724,10/18/2015,4,287650,SOSLFMU12AB018FFEA
725,11/29/2015,4,611336,SOCTSJA12AC9618325
726,11/22/2015,4,41838,SOQZWXR12AB017FDE3
727,7/20/2014,3,25824,SOTNQRU12A8C131FEF
728,8/10/2014,3,8876,SOOCMUD12AC4686532
729,4/26/2015,4,358182,SOKZYGT12A8C139568
730,2/2/2014,1,692313,SOCSZYG12AB01871C2
731,4/5/2015,4,539081,SOERSTG12AC4685824
732,5/18/2014,1,163874,SOZFCZN12AB017E894
733,6/19/2016,5,575792,SOCJFFQ12A8C13E02A
734,5/22/2016,4,815863,SODXUDI12A8C1408A2
735,1/24/2016,4,25811,SOFYSKU12A8C13A72B
736,8/3/2014,3,135122,SOWXSQT12A6D4FC02E
737,1/11/2015,4,149958,SOWNOXA12AB0184353
738,4/5/2015,4,535188,SOKPCQK12A8C14038A
739,2/1/2015,4,372309,SOSCCOO12A8C13F0AF
740,8/31/2014,3,541101,SOAOCAG12A6D4FA89E
741,1/11/2015,4,605134,SOGXHEG12AB018653E
742,4/19/2015,4,239740,SOIUGDX12A6D4FDECA
743,5/29/2016,4,386995,SOSGQPS12A8AE48538
744,7/26/2015,4,223365,SOSLFMU12AB018FFEA
745,1/24/2016,4,652784,SOCTSJA12AC9618325
746,7/6/2014,3,45730,SOQZWXR12AB017FDE3
747,7/12/2015,4,672016,SOTNQRU12A8C131FEF
748,3/20/2016,4,160881,SOOCMUD12AC4686532
749,5/4/2014,1,59744,SOKZYGT12A8C139568
750,5/17/2015,4,373723,SOCSZYG12AB01871C2
751,5/3/2015,4,228326,SOERSTG12AC4685824
752,4/10/2016,4,463514,SOZFCZN12AB017E894
753,5/10/2015,4,643400,SOCJFFQ12A8C13E02A
754,8/24/2014,3,663761,SODXUDI12A8C1408A2
755,5/24/2015,4,12882,SOFYSKU12A8C13A72B
756,10/18/2015,4,270281,SOWXSQT12A6D4FC02E
757,10/5/2014,3,244586,SOWNOXA12AB0184353
758,2/1/2015,4,157648,SOKPCQK12A8C14038A
759,1/4/2015,4,644631,SOSCCOO12A8C13F0AF
760,8/16/2015,4,730551,SOAOCAG12A6D4FA89E
761,7/6/2014,3,709879,SOGXHEG12AB018653E
762,6/14/2015,4,706005,SOIUGDX12A6D4FDECA
763,1/12/2014,1,42595,SOSGQPS12A8AE48538
764,11/23/2014,4,782470,SOSLFMU12AB018FFEA
765,4/13/2014,1,28723,SOCTSJA12AC9618325
766,8/10/2014,3,557761,SOQZWXR12AB017FDE3
767,5/25/2014,1,417945,SOTNQRU12A8C131FEF
768,5/22/2016,4,575531,SOOCMUD12AC4686532
769,5/3/2015,4,300848,SOKZYGT12A8C139568
770,7/24/2016,5,300822,SOCSZYG12AB01871C2
771,8/31/2014,3,514953,SOERSTG12AC4685824
772,1/18/2015,4,287650,SOZFCZN12AB017E894
773,8/17/2014,3,611336,SOCJFFQ12A8C13E02A
774,3/13/2016,4,41838,SODXUDI12A8C1408A2
775,6/8/2014,2,25824,SOFYSKU12A8C13A72B
776,5/15/2016,4,8876,SOWXSQT12A6D4FC02E
777,3/6/2016,4,358182,SOWNOXA12AB0184353
778,6/19/2016,5,692313,SOKPCQK12A8C14038A
779,12/21/2014,4,539081,SOSCCOO12A8C13F0AF
780,2/22/2015,4,163874,SOAOCAG12A6D4FA89E
781,1/19/2014,1,575792,SOGXHEG12AB018653E
782,6/14/2015,4,815863,SOIUGDX12A6D4FDECA
783,4/20/2014,1,25811,SOSGQPS12A8AE48538
784,5/4/2014,1,135122,SOSLFMU12AB018FFEA
785,6/29/2014,3,149958,SOCTSJA12AC9618325
786,11/22/2015,4,535188,SOQZWXR12AB017FDE3
787,4/17/2016,4,372309,SOTNQRU12A8C131FEF
788,7/27/2014,3,541101,SOOCMUD12AC4686532
789,8/3/2014,3,605134,SOKZYGT12A8C139568
790,4/20/2014,1,239740,SOCSZYG12AB01871C2
791,10/25/2015,4,386995,SOERSTG12AC4685824
792,5/10/2015,4,223365,SOZFCZN12AB017E894
793,4/3/2016,4,652784,SOCJFFQ12A8C13E02A
794,1/24/2016,4,45730,SODXUDI12A8C1408A2
795,2/28/2016,4,672016,SOFYSKU12A8C13A72B
796,6/26/2016,5,160881,SOWXSQT12A6D4FC02E
797,2/14/2016,4,59744,SOWNOXA12AB0184353
798,8/3/2014,3,373723,SOKPCQK12A8C14038A
799,7/20/2014,3,228326,SOSCCOO12A8C13F0AF
800,7/12/2015,4,463514,SOAOCAG12A6D4FA89E
801,2/21/2016,4,643400,SOGXHEG12AB018653E
802,4/20/2014,1,663761,SOIUGDX12A6D4FDECA
803,10/11/2015,4,12882,SOSGQPS12A8AE48538
804,6/8/2014,2,270281,SOSLFMU12AB018FFEA
805,10/11/2015,4,244586,SOCTSJA12AC9618325
806,3/27/2016,4,157648,SOQZWXR12AB017FDE3
807,10/11/2015,4,644631,SOTNQRU12A8C131FEF
808,1/19/2014,1,730551,SOOCMUD12AC4686532
809,4/13/2014,1,709879,SOKZYGT12A8C139568
810,4/12/2015,4,706005,SOCSZYG12AB01871C2
811,6/28/2015,4,42595,SOERSTG12AC4685824
812,3/6/2016,4,782470,SOZFCZN12AB017E894
813,9/7/2014,3,28723,SOCJFFQ12A8C13E02A
814,11/15/2015,4,557761,SODXUDI12A8C1408A2
815,11/9/2014,4,417945,SOFYSKU12A8C13A72B
816,5/15/2016,4,575531,SOWXSQT12A6D4FC02E
817,3/16/2014,1,300848,SOWNOXA12AB0184353
818,6/29/2014,3,300822,SOKPCQK12A8C14038A
819,8/2/2015,4,514953,SOSCCOO12A8C13F0AF
820,6/22/2014,3,287650,SOAOCAG12A6D4FA89E
821,3/30/2014,1,611336,SOGXHEG12AB018653E
822,3/2/2014,1,41838,SOIUGDX12A6D4FDECA
823,5/15/2016,4,25824,SOSGQPS12A8AE48538
824,1/12/2014,1,8876,SOSLFMU12AB018FFEA
825,11/1/2015,4,358182,SOCTSJA12AC9618325
826,7/19/2015,4,692313,SOQZWXR12AB017FDE3
827,3/29/2015,4,539081,SOTNQRU12A8C131FEF
828,7/27/2014,3,163874,SOOCMUD12AC4686532
829,2/15/2015,4,575792,SOKZYGT12A8C139568
830,9/27/2015,4,815863,SOCSZYG12AB01871C2
831,12/21/2014,4,25811,SOERSTG12AC4685824
832,8/14/2016,5,135122,SOZFCZN12AB017E894
833,7/20/2014,3,149958,SOCJFFQ12A8C13E02A
834,7/20/2014,3,535188,SODXUDI12A8C1408A2
835,6/12/2016,4,372309,SOFYSKU12A8C13A72B
836,7/12/2015,4,541101,SOWXSQT12A6D4FC02E
837,6/15/2014,2,605134,SOWNOXA12AB0184353
838,2/8/2015,4,239740,SOKPCQK12A8C14038A
839,2/28/2016,4,386995,SOSCCOO12A8C13F0AF
840,9/21/2014,3,223365,SOAOCAG12A6D4FA89E
841,10/12/2014,3,652784,SOGXHEG12AB018653E
842,11/29/2015,4,45730,SOIUGDX12A6D4FDECA
843,9/6/2015,4,672016,SOSGQPS12A8AE48538
844,9/14/2014,3,160881,SOSLFMU12AB018FFEA
845,2/16/2014,1,59744,SOCTSJA12AC9618325
846,5/18/2014,1,373723,SOQZWXR12AB017FDE3
847,11/22/2015,4,228326,SOTNQRU12A8C131FEF
848,3/8/2015,4,463514,SOOCMUD12AC4686532
849,3/27/2016,4,643400,SOKZYGT12A8C139568
850,5/11/2014,1,663761,SOCSZYG12AB01871C2
851,9/7/2014,3,12882,SOERSTG12AC4685824
852,4/12/2015,4,270281,SOZFCZN12AB017E894
853,5/4/2014,1,244586,SOCJFFQ12A8C13E02A
854,4/10/2016,4,157648,SODXUDI12A8C1408A2
855,8/3/2014,3,644631,SOFYSKU12A8C13A72B
856,12/20/2015,4,730551,SOWXSQT12A6D4FC02E
857,11/9/2014,4,709879,SOWNOXA12AB0184353
858,4/3/2016,4,706005,SOKPCQK12A8C14038A
859,12/7/2014,4,42595,SOSCCOO12A8C13F0AF
860,7/27/2014,3,782470,SOAOCAG12A6D4FA89E
861,3/20/2016,4,28723,SOGXHEG12AB018653E
862,10/19/2014,3,557761,SOIUGDX12A6D4FDECA
863,2/21/2016,4,417945,SOSGQPS12A8AE48538
864,2/9/2014,1,575531,SOSLFMU12AB018FFEA
865,11/29/2015,4,300848,SOCTSJA12AC9618325
866,4/27/2014,1,300822,SOQZWXR12AB017FDE3
867,12/14/2014,4,514953,SOTNQRU12A8C131FEF
868,3/29/2015,4,287650,SOOCMUD12AC4686532
869,6/21/2015,4,611336,SOKZYGT12A8C139568
870,5/4/2014,1,300848,SOCSZYG12AB01871C2
871,8/2/2015,4,300822,SOERSTG12AC4685824
872,12/14/2014,4,514953,SOZFCZN12AB017E894
873,8/16/2015,4,287650,SOCJFFQ12A8C13E02A
874,5/1/2016,4,611336,SODXUDI12A8C1408A2
875,4/20/2014,1,300848,SOFYSKU12A8C13A72B
876,7/19/2015,4,300822,SOWXSQT12A6D4FC02E
877,1/26/2014,1,514953,SOWNOXA12AB0184353
878,5/8/2016,4,287650,SOKPCQK12A8C14038A
879,5/11/2014,1,611336,SOSCCOO12A8C13F0AF
880,10/12/2014,3,300848,SOAOCAG12A6D4FA89E
881,2/16/2014,1,300822,SOGXHEG12AB018653E
882,6/15/2014,2,514953,SOIUGDX12A6D4FDECA
883,1/25/2015,4,287650,SOSGQPS12A8AE48538
884,7/10/2016,5,611336,SOSLFMU12AB018FFEA
885,1/18/2015,4,300848,SOCTSJA12AC9618325
886,4/24/2016,4,300822,SOQZWXR12AB017FDE3
887,2/1/2015,4,514953,SOTNQRU12A8C131FEF
888,8/3/2014,3,287650,SOOCMUD12AC4686532
889,4/19/2015,4,611336,SOKZYGT12A8C139568
890,8/16/2015,4,300848,SOCSZYG12AB01871C2
891,3/6/2016,4,300822,SOERSTG12AC4685824
892,4/13/2014,1,514953,SOZFCZN12AB017E894
893,10/11/2015,4,287650,SOCJFFQ12A8C13E02A
894,7/5/2015,4,611336,SODXUDI12A8C1408A2
895,3/15/2015,4,300848,SOFYSKU12A8C13A72B
896,9/6/2015,4,300822,SOWXSQT12A6D4FC02E
897,11/2/2014,4,514953,SOWNOXA12AB0184353
898,3/1/2015,4,287650,SOKPCQK12A8C14038A
899,4/6/2014,1,611336,SOSCCOO12A8C13F0AF
900,7/26/2015,4,300848,SOAOCAG12A6D4FA89E
901,12/7/2014,4,300822,SOGXHEG12AB018653E
902,3/1/2015,4,514953,SOIUGDX12A6D4FDECA
903,1/11/2015,4,287650,SOSGQPS12A8AE48538
904,4/24/2016,4,611336,SOSLFMU12AB018FFEA
905,7/19/2015,4,300848,SOCTSJA12AC9618325
906,12/20/2015,4,300822,SOQZWXR12AB017FDE3
907,7/24/2016,5,514953,SOTNQRU12A8C131FEF
908,1/4/2015,4,287650,SOOCMUD12AC4686532
909,1/10/2016,4,611336,SOKZYGT12A8C139568
910,3/2/2014,1,300848,SOCSZYG12AB01871C2
911,2/7/2016,4,300822,SOERSTG12AC4685824
912,7/6/2014,3,514953,SOZFCZN12AB017E894
913,5/24/2015,4,287650,SOCJFFQ12A8C13E02A
914,3/2/2014,1,611336,SODXUDI12A8C1408A2
915,7/24/2016,5,300848,SOFYSKU12A8C13A72B
916,5/10/2015,4,300822,SOWXSQT12A6D4FC02E
917,3/13/2016,4,514953,SOWNOXA12AB0184353
918,1/25/2015,4,287650,SOKPCQK12A8C14038A
919,4/5/2015,4,611336,SOSCCOO12A8C13F0AF
920,3/15/2015,4,300848,SOAOCAG12A6D4FA89E
921,5/8/2016,4,300822,SOGXHEG12AB018653E
922,7/20/2014,3,514953,SOIUGDX12A6D4FDECA
923,12/14/2014,4,287650,SOSGQPS12A8AE48538
924,5/18/2014,1,611336,SOSLFMU12AB018FFEA
925,2/2/2014,1,28723,SOCTSJA12AC9618325
926,9/13/2015,4,557761,SOQZWXR12AB017FDE3
927,1/3/2016,4,417945,SOTNQRU12A8C131FEF
928,9/21/2014,3,575531,SOOCMUD12AC4686532
929,4/6/2014,1,300848,SOKZYGT12A8C139568
930,7/17/2016,5,300822,SOCSZYG12AB01871C2
931,1/25/2015,4,514953,SOERSTG12AC4685824
932,9/21/2014,3,287650,SOZFCZN12AB017E894
933,4/20/2014,1,611336,SOCJFFQ12A8C13E02A
934,10/18/2015,4,28723,SODXUDI12A8C1408A2
935,5/15/2016,4,557761,SOFYSKU12A8C13A72B
936,8/7/2016,5,417945,SOWXSQT12A6D4FC02E
937,9/13/2015,4,575531,SOWNOXA12AB0184353
938,4/19/2015,4,300848,SOKPCQK12A8C14038A
939,3/6/2016,4,300822,SOSCCOO12A8C13F0AF
940,4/6/2014,1,514953,SOAOCAG12A6D4FA89E
941,6/5/2016,4,287650,SOGXHEG12AB018653E
942,3/16/2014,1,611336,SOIUGDX12A6D4FDECA
943,5/29/2016,4,28723,SOSGQPS12A8AE48538
944,1/24/2016,4,557761,SOSLFMU12AB018FFEA
945,4/19/2015,4,417945,SOCTSJA12AC9618325
946,6/12/2016,4,575531,SOQZWXR12AB017FDE3
947,9/13/2015,4,300848,SOTNQRU12A8C131FEF
948,5/15/2016,4,300822,SOOCMUD12AC4686532
949,11/23/2014,4,514953,SOKZYGT12A8C139568
950,4/19/2015,4,287650,SOCSZYG12AB01871C2
951,5/17/2015,4,611336,SOERSTG12AC4685824
952,11/29/2015,4,28723,SOZFCZN12AB017E894
953,3/1/2015,4,557761,SOCJFFQ12A8C13E02A
954,1/26/2014,1,417945,SODXUDI12A8C1408A2
955,10/5/2014,3,575531,SOFYSKU12A8C13A72B
956,4/26/2015,4,300848,SOWXSQT12A6D4FC02E
957,9/7/2014,3,300822,SOWNOXA12AB0184353
958,11/2/2014,4,514953,SOKPCQK12A8C14038A
959,12/27/2015,4,287650,SOSCCOO12A8C13F0AF
960,5/29/2016,4,611336,SOAOCAG12A6D4FA89E
961,7/3/2016,5,28723,SOGXHEG12AB018653E
962,4/6/2014,1,557761,SOIUGDX12A6D4FDECA
963,4/26/2015,4,417945,SOSGQPS12A8AE48538
964,8/23/2015,4,575531,SOSLFMU12AB018FFEA
965,3/2/2014,1,300848,SOCTSJA12AC9618325
966,4/3/2016,4,300822,SOQZWXR12AB017FDE3
967,8/10/2014,3,514953,SOTNQRU12A8C131FEF
968,11/15/2015,4,287650,SOOCMUD12AC4686532
969,12/27/2015,4,611336,SOKZYGT12A8C139568
970,3/27/2016,4,28723,SOCSZYG12AB01871C2
971,3/22/2015,4,557761,SOERSTG12AC4685824
972,12/28/2014,4,417945,SOZFCZN12AB017E894
973,5/11/2014,1,575531,SOCJFFQ12A8C13E02A
974,4/3/2016,4,300848,SODXUDI12A8C1408A2
975,9/7/2014,3,300822,SOFYSKU12A8C13A72B
976,2/15/2015,4,514953,SOWXSQT12A6D4FC02E
977,2/9/2014,1,287650,SOWNOXA12AB0184353
978,5/17/2015,4,611336,SOKPCQK12A8C14038A
979,8/31/2014,3,28723,SOSCCOO12A8C13F0AF
980,4/27/2014,1,557761,SOAOCAG12A6D4FA89E
981,4/17/2016,4,417945,SOGXHEG12AB018653E
982,12/13/2015,4,575531,SOIUGDX12A6D4FDECA
983,4/20/2014,1,300848,SOSGQPS12A8AE48538
984,6/14/2015,4,300822,SOSLFMU12AB018FFEA
985,7/24/2016,5,514953,SOCTSJA12AC9618325
986,8/14/2016,5,287650,SOQZWXR12AB017FDE3
987,4/12/2015,4,611336,SOTNQRU12A8C131FEF
988,11/15/2015,4,28723,SOOCMUD12AC4686532
989,1/24/2016,4,557761,SOKZYGT12A8C139568
990,1/18/2015,4,417945,SOCSZYG12AB01871C2
991,3/16/2014,1,575531,SOERSTG12AC4685824
992,6/19/2016,5,300848,SOZFCZN12AB017E894
993,5/3/2015,4,300822,SOCJFFQ12A8C13E02A
994,11/2/2014,4,514953,SODXUDI12A8C1408A2
995,7/12/2015,4,287650,SOFYSKU12A8C13A72B
996,6/22/2014,2,611336,SOWXSQT12A6D4FC02E
997,8/17/2014,3,41838,SOWNOXA12AB0184353
998,7/27/2014,3,25824,SOKPCQK12A8C14038A
999,6/8/2014,2,8876,SOSCCOO12A8C13F0AF
1000,4/10/2016,4,358182,SOAOCAG12A6D4FA89E
1001,12/6/2015,4,692313,SOGXHEG12AB018653E
1002,2/16/2014,1,539081,SOIUGDX12A6D4FDECA
1003,6/7/2015,4,163874,SOSGQPS12A8AE48538
1004,8/10/2014,3,575792,SOSLFMU12AB018FFEA
1005,12/7/2014,4,815863,SOCTSJA12AC9618325
1006,9/14/2014,3,25811,SOQZWXR12AB017FDE3
1007,7/3/2016,5,135122,SOTNQRU12A8C131FEF
1008,5/11/2014,1,149958,SOOCMUD12AC4686532
1009,11/30/2014,4,535188,SOKZYGT12A8C139568
1010,3/20/2016,4,372309,SOCSZYG12AB01871C2
1011,9/21/2014,3,541101,SOERSTG12AC4685824
1012,5/8/2016,4,605134,SOZFCZN12AB017E894
1013,1/11/2015,4,239740,SOCJFFQ12A8C13E02A
1014,10/18/2015,4,386995,SODXUDI12A8C1408A2
1015,3/29/2015,4,223365,SOFYSKU12A8C13A72B
1016,5/29/2016,4,652784,SOWXSQT12A6D4FC02E
1017,1/12/2014,1,45730,SOWNOXA12AB0184353
1018,8/31/2014,3,672016,SOKPCQK12A8C14038A
1019,5/29/2016,4,160881,SOSCCOO12A8C13F0AF
1020,11/1/2015,4,59744,SOAOCAG12A6D4FA89E
1021,3/22/2015,4,373723,SOGXHEG12AB018653E
1022,12/7/2014,4,228326,SOIUGDX12A6D4FDECA
1023,2/15/2015,4,463514,SOSGQPS12A8AE48538
1024,2/7/2016,4,643400,SOSLFMU12AB018FFEA
1025,8/24/2014,3,663761,SOCTSJA12AC9618325
1026,5/8/2016,4,12882,SOQZWXR12AB017FDE3
1027,1/31/2016,4,270281,SOTNQRU12A8C131FEF
1028,1/12/2014,1,244586,SOOCMUD12AC4686532
1029,11/2/2014,4,157648,SOKZYGT12A8C139568
1030,11/1/2015,4,644631,SOCSZYG12AB01871C2
1031,2/8/2015,4,300848,SOERSTG12AC4685824
1032,5/29/2016,4,300822,SOZFCZN12AB017E894
1033,6/12/2016,4,514953,SOCJFFQ12A8C13E02A
1034,10/4/2015,4,287650,SODXUDI12A8C1408A2
1035,8/2/2015,4,611336,SOFYSKU12A8C13A72B
1036,4/20/2014,1,28723,SOWXSQT12A6D4FC02E
1037,12/28/2014,4,557761,SOWNOXA12AB0184353
1038,8/16/2015,4,417945,SOKPCQK12A8C14038A
1039,1/31/2016,4,575531,SOSCCOO12A8C13F0AF
1040,7/26/2015,4,300848,SOAOCAG12A6D4FA89E
1041,10/25/2015,4,300822,SOGXHEG12AB018653E
1042,2/23/2014,1,514953,SOIUGDX12A6D4FDECA
1043,1/12/2014,1,287650,SOSGQPS12A8AE48538
1044,4/3/2016,4,611336,SOSLFMU12AB018FFEA
1045,2/14/2016,4,41838,SOCTSJA12AC9618325
1046,6/14/2015,4,25824,SOQZWXR12AB017FDE3
1047,3/23/2014,1,8876,SOTNQRU12A8C131FEF
1048,8/10/2014,3,358182,SOOCMUD12AC4686532
1049,6/19/2016,5,692313,SOKZYGT12A8C139568
1050,6/7/2015,4,539081,SOCSZYG12AB01871C2
1051,1/19/2014,1,163874,SOERSTG12AC4685824
1052,7/24/2016,5,575792,SOZFCZN12AB017E894
1053,11/8/2015,4,815863,SOCJFFQ12A8C13E02A
1054,12/28/2014,4,25811,SODXUDI12A8C1408A2
1055,9/20/2015,4,135122,SOFYSKU12A8C13A72B
1056,10/26/2014,3,149958,SOWXSQT12A6D4FC02E
1057,12/14/2014,4,535188,SOWNOXA12AB0184353
1058,3/15/2015,4,372309,SOKPCQK12A8C14038A
1059,3/22/2015,4,541101,SOSCCOO12A8C13F0AF
1060,8/24/2014,3,605134,SOAOCAG12A6D4FA89E
1061,10/12/2014,3,239740,SOGXHEG12AB018653E
1062,8/17/2014,3,386995,SOIUGDX12A6D4FDECA
1063,5/3/2015,4,223365,SOSGQPS12A8AE48538
1064,12/6/2015,4,652784,SOSLFMU12AB018FFEA
1065,5/22/2016,4,45730,SOCTSJA12AC9618325
1066,10/12/2014,3,672016,SOQZWXR12AB017FDE3
1067,8/7/2016,5,160881,SOTNQRU12A8C131FEF
1068,4/20/2014,1,59744,SOOCMUD12AC4686532
1069,6/21/2015,4,373723,SOKZYGT12A8C139568
1070,4/26/2015,4,228326,SOCSZYG12AB01871C2
1071,10/5/2014,3,463514,SOERSTG12AC4685824
1072,10/11/2015,4,643400,SOZFCZN12AB017E894
1073,1/17/2016,4,663761,SOCJFFQ12A8C13E02A
1074,12/21/2014,4,12882,SODXUDI12A8C1408A2
1075,6/5/2016,4,270281,SOFYSKU12A8C13A72B
1076,5/8/2016,4,244586,SOWXSQT12A6D4FC02E
1077,2/22/2015,4,157648,SOWNOXA12AB0184353
1078,8/3/2014,3,644631,SOKPCQK12A8C14038A
1079,4/26/2015,4,300848,SOSCCOO12A8C13F0AF
1080,2/8/2015,4,300822,SOAOCAG12A6D4FA89E
1081,10/25/2015,4,514953,SOGXHEG12AB018653E
1082,4/17/2016,4,287650,SOIUGDX12A6D4FDECA
1083,3/1/2015,4,611336,SOSGQPS12A8AE48538
1084,5/25/2014,1,28723,SOSLFMU12AB018FFEA
1085,6/14/2015,4,557761,SOCTSJA12AC9618325
1086,4/5/2015,4,417945,SOQZWXR12AB017FDE3
1087,2/8/2015,4,575531,SOTNQRU12A8C131FEF
1088,12/21/2014,4,300848,SOOCMUD12AC4686532
1089,5/22/2016,4,300822,SOKZYGT12A8C139568
1090,12/14/2014,4,514953,SOCSZYG12AB01871C2
1091,7/3/2016,5,287650,SOERSTG12AC4685824
1092,1/3/2016,4,611336,SOZFCZN12AB017E894
1093,7/5/2015,4,41838,SOCJFFQ12A8C13E02A
1094,2/23/2014,1,25824,SODXUDI12A8C1408A2
1095,3/15/2015,4,8876,SOFYSKU12A8C13A72B
1096,2/28/2016,4,358182,SOWXSQT12A6D4FC02E
1097,5/11/2014,1,692313,SOWNOXA12AB0184353
1098,9/20/2015,4,539081,SOKPCQK12A8C14038A
1099,8/30/2015,4,163874,SOSCCOO12A8C13F0AF
1100,4/27/2014,1,575792,SOAOCAG12A6D4FA89E
1101,5/25/2014,1,815863,SOGXHEG12AB018653E
1102,11/22/2015,4,25811,SOIUGDX12A6D4FDECA
1103,7/20/2014,3,135122,SOSGQPS12A8AE48538
1104,4/17/2016,4,149958,SOSLFMU12AB018FFEA
1105,7/3/2016,5,535188,SOCTSJA12AC9618325
1106,4/5/2015,4,372309,SOQZWXR12AB017FDE3
1107,8/7/2016,5,541101,SOTNQRU12A8C131FEF
1108,3/8/2015,4,605134,SOOCMUD12AC4686532
1109,2/22/2015,4,239740,SOKZYGT12A8C139568
1110,12/27/2015,4,386995,SOCSZYG12AB01871C2
1111,12/13/2015,4,223365,SOERSTG12AC4685824
1112,3/9/2014,1,652784,SOZFCZN12AB017E894
1113,1/3/2016,4,45730,SOCJFFQ12A8C13E02A
1114,11/1/2015,4,672016,SODXUDI12A8C1408A2
1115,7/12/2015,4,160881,SOFYSKU12A8C13A72B
1116,6/26/2016,5,59744,SOWXSQT12A6D4FC02E
1117,1/12/2014,1,373723,SOWNOXA12AB0184353
1118,1/11/2015,4,228326,SOKPCQK12A8C14038A
1119,9/7/2014,3,463514,SOSCCOO12A8C13F0AF
1120,3/20/2016,4,643400,SOAOCAG12A6D4FA89E
1121,5/22/2016,4,663761,SOGXHEG12AB018653E
1122,3/20/2016,4,12882,SOIUGDX12A6D4FDECA
1123,2/14/2016,4,270281,SOSGQPS12A8AE48538
1124,1/31/2016,4,244586,SOSLFMU12AB018FFEA
1125,3/16/2014,1,157648,SOCTSJA12AC9618325
1126,9/20/2015,4,644631,SOQZWXR12AB017FDE3
1127,12/27/2015,4,300848,SOTNQRU12A8C131FEF
1128,4/6/2014,1,300822,SOOCMUD12AC4686532
1129,6/29/2014,3,514953,SOKZYGT12A8C139568
1130,4/17/2016,4,287650,SOCSZYG12AB01871C2
1131,3/15/2015,4,611336,SOERSTG12AC4685824
1132,11/30/2014,4,28723,SOZFCZN12AB017E894
1133,3/9/2014,1,557761,SOCJFFQ12A8C13E02A
1134,10/12/2014,3,417945,SODXUDI12A8C1408A2
1135,6/26/2016,5,575531,SOFYSKU12A8C13A72B
1136,5/25/2014,1,300848,SOWXSQT12A6D4FC02E
1137,11/22/2015,4,300822,SOWNOXA12AB0184353
1138,8/14/2016,5,514953,SOKPCQK12A8C14038A
1139,5/25/2014,1,287650,SOSCCOO12A8C13F0AF
1140,4/6/2014,1,611336,SOAOCAG12A6D4FA89E
1141,6/8/2014,2,41838,SOGXHEG12AB018653E
1142,3/27/2016,4,25824,SOIUGDX12A6D4FDECA
1143,9/20/2015,4,8876,SOSGQPS12A8AE48538
1144,8/16/2015,4,358182,SOSLFMU12AB018FFEA
1145,9/27/2015,4,692313,SOCTSJA12AC9618325
1146,6/28/2015,4,539081,SOQZWXR12AB017FDE3
1147,6/28/2015,4,163874,SOTNQRU12A8C131FEF
1148,9/28/2014,3,575792,SOOCMUD12AC4686532
1149,1/31/2016,4,815863,SOKZYGT12A8C139568
1150,10/4/2015,4,25811,SOCSZYG12AB01871C2
1151,8/3/2014,3,135122,SOERSTG12AC4685824
1152,7/24/2016,5,149958,SOZFCZN12AB017E894
1153,11/16/2014,4,535188,SOCJFFQ12A8C13E02A
1154,5/17/2015,4,372309,SODXUDI12A8C1408A2
1155,10/26/2014,3,541101,SOFYSKU12A8C13A72B
1156,4/27/2014,1,605134,SOWXSQT12A6D4FC02E
1157,8/7/2016,5,239740,SOWNOXA12AB0184353
1158,6/5/2016,4,386995,SOKPCQK12A8C14038A
1159,11/30/2014,4,223365,SOSCCOO12A8C13F0AF
1160,12/27/2015,4,652784,SOAOCAG12A6D4FA89E
1161,9/6/2015,4,45730,SOGXHEG12AB018653E
1162,3/22/2015,4,672016,SOIUGDX12A6D4FDECA
1163,9/20/2015,4,160881,SOSGQPS12A8AE48538
1164,5/29/2016,4,59744,SOSLFMU12AB018FFEA
1165,12/13/2015,4,373723,SOCTSJA12AC9618325
1166,5/29/2016,4,228326,SOQZWXR12AB017FDE3
1167,11/23/2014,4,463514,SOTNQRU12A8C131FEF
1168,1/25/2015,4,643400,SOOCMUD12AC4686532
1169,10/26/2014,3,663761,SOKZYGT12A8C139568
1170,10/25/2015,4,12882,SOCSZYG12AB01871C2
1171,11/9/2014,4,270281,SOERSTG12AC4685824
1172,6/28/2015,4,244586,SOZFCZN12AB017E894
1173,11/30/2014,4,157648,SOCJFFQ12A8C13E02A
1174,7/6/2014,3,644631,SODXUDI12A8C1408A2
1175,11/15/2015,4,300848,SOFYSKU12A8C13A72B
1176,12/14/2014,4,300822,SOWXSQT12A6D4FC02E
1177,3/2/2014,1,514953,SOWNOXA12AB0184353
1178,12/28/2014,4,287650,SOKPCQK12A8C14038A
1179,2/1/2015,4,611336,SOSCCOO12A8C13F0AF
1180,3/30/2014,1,28723,SOAOCAG12A6D4FA89E
1181,2/22/2015,4,557761,SOGXHEG12AB018653E
1182,11/23/2014,4,417945,SOIUGDX12A6D4FDECA
1183,12/13/2015,4,575531,SOSGQPS12A8AE48538
1184,12/21/2014,4,300848,SOSLFMU12AB018FFEA
1185,12/27/2015,4,300822,SOCTSJA12AC9618325
1186,11/1/2015,4,514953,SOQZWXR12AB017FDE3
1187,2/7/2016,4,287650,SOTNQRU12A8C131FEF
1188,11/16/2014,4,611336,SOOCMUD12AC4686532
1189,3/27/2016,4,41838,SOKZYGT12A8C139568
1190,5/17/2015,4,25824,SOCSZYG12AB01871C2
1191,4/27/2014,1,8876,SOERSTG12AC4685824
1192,5/24/2015,4,358182,SOZFCZN12AB017E894
1193,8/2/2015,4,692313,SOCJFFQ12A8C13E02A
1194,1/11/2015,4,539081,SODXUDI12A8C1408A2
1195,10/11/2015,4,163874,SOFYSKU12A8C13A72B
1196,10/11/2015,4,575792,SOWXSQT12A6D4FC02E
1197,2/28/2016,4,815863,SOWNOXA12AB0184353
1198,1/11/2015,4,25811,SOKPCQK12A8C14038A
1199,11/9/2014,4,135122,SOSCCOO12A8C13F0AF
1200,5/25/2014,1,149958,SOAOCAG12A6D4FA89E
1201,7/5/2015,4,535188,SOGXHEG12AB018653E
1202,10/4/2015,4,372309,SOIUGDX12A6D4FDECA
1203,11/15/2015,4,541101,SOSGQPS12A8AE48538
1204,12/27/2015,4,605134,SOSLFMU12AB018FFEA
1205,11/16/2014,4,239740,SOCTSJA12AC9618325
1206,1/18/2015,4,386995,SOQZWXR12AB017FDE3
1207,5/3/2015,4,223365,SOTNQRU12A8C131FEF
1208,4/12/2015,4,652784,SOOCMUD12AC4686532
1209,3/9/2014,1,45730,SOKZYGT12A8C139568
1210,3/9/2014,1,672016,SOCSZYG12AB01871C2
1211,3/22/2015,4,160881,SOERSTG12AC4685824
1212,4/27/2014,1,59744,SOZFCZN12AB017E894
1213,3/29/2015,4,373723,SOCJFFQ12A8C13E02A
1214,5/15/2016,4,228326,SODXUDI12A8C1408A2
1215,5/25/2014,1,463514,SOFYSKU12A8C13A72B
1216,6/15/2014,2,643400,SOWXSQT12A6D4FC02E
1217,2/23/2014,1,663761,SOWNOXA12AB0184353
1218,2/14/2016,4,12882,SOKPCQK12A8C14038A
1219,2/8/2015,4,270281,SOSCCOO12A8C13F0AF
1220,6/22/2014,3,244586,SOAOCAG12A6D4FA89E
1221,7/26/2015,4,157648,SOGXHEG12AB018653E
1222,3/20/2016,4,644631,SOIUGDX12A6D4FDECA
1223,9/20/2015,4,300848,SOSGQPS12A8AE48538
1224,2/22/2015,4,300822,SOSLFMU12AB018FFEA
1225,11/16/2014,4,514953,SOCTSJA12AC9618325
1226,7/17/2016,5,287650,SOQZWXR12AB017FDE3
1227,12/6/2015,4,611336,SOTNQRU12A8C131FEF
1228,2/15/2015,4,28723,SOOCMUD12AC4686532
1229,6/1/2014,1,557761,SOKZYGT12A8C139568
1230,9/20/2015,4,417945,SOCSZYG12AB01871C2
1231,5/8/2016,4,575531,SOERSTG12AC4685824
1232,3/8/2015,4,300848,SOZFCZN12AB017E894
1233,8/30/2015,4,300822,SOCJFFQ12A8C13E02A
1234,4/27/2014,1,514953,SODXUDI12A8C1408A2
1235,12/6/2015,4,287650,SOFYSKU12A8C13A72B
1236,2/21/2016,4,611336,SOWXSQT12A6D4FC02E
1237,2/8/2015,4,41838,SOWNOXA12AB0184353
1238,12/21/2014,4,25824,SOKPCQK12A8C14038A
1239,2/15/2015,4,8876,SOSCCOO12A8C13F0AF
1240,5/3/2015,4,358182,SOAOCAG12A6D4FA89E
1241,5/25/2014,1,692313,SOGXHEG12AB018653E
1242,8/31/2014,3,539081,SOIUGDX12A6D4FDECA
1243,1/11/2015,4,163874,SOSGQPS12A8AE48538
1244,6/21/2015,4,575792,SOSLFMU12AB018FFEA
1245,2/22/2015,4,815863,SOCTSJA12AC9618325
1246,12/28/2014,4,25811,SOQZWXR12AB017FDE3
1247,10/5/2014,3,135122,SOTNQRU12A8C131FEF
1248,9/21/2014,3,149958,SOOCMUD12AC4686532
1249,1/3/2016,4,535188,SOKZYGT12A8C139568
1250,11/29/2015,4,372309,SOCSZYG12AB01871C2
1251,4/13/2014,1,541101,SOERSTG12AC4685824
1252,7/3/2016,5,605134,SOZFCZN12AB017E894
1253,6/21/2015,4,239740,SOCJFFQ12A8C13E02A
1254,6/29/2014,3,386995,SODXUDI12A8C1408A2
1255,5/17/2015,4,223365,SOFYSKU12A8C13A72B
1256,4/3/2016,4,652784,SOWXSQT12A6D4FC02E
1257,3/1/2015,4,45730,SOWNOXA12AB0184353
1258,9/14/2014,3,672016,SOKPCQK12A8C14038A
1259,12/20/2015,4,160881,SOSCCOO12A8C13F0AF
1260,10/12/2014,3,59744,SOAOCAG12A6D4FA89E
1261,5/22/2016,4,373723,SOGXHEG12AB018653E
1262,3/8/2015,4,228326,SOIUGDX12A6D4FDECA
1263,8/3/2014,3,463514,SOSGQPS12A8AE48538
1264,4/19/2015,4,643400,SOSLFMU12AB018FFEA
1265,12/6/2015,4,663761,SOCTSJA12AC9618325
1266,7/31/2016,5,12882,SOQZWXR12AB017FDE3
1267,6/29/2014,3,270281,SOTNQRU12A8C131FEF
1268,11/16/2014,4,244586,SOOCMUD12AC4686532
1269,5/25/2014,1,157648,SOKZYGT12A8C139568
1270,3/13/2016,4,644631,SOCSZYG12AB01871C2
1271,7/19/2015,4,300848,SOERSTG12AC4685824
1272,6/12/2016,5,300822,SOZFCZN12AB017E894
1273,1/25/2015,4,514953,SOCJFFQ12A8C13E02A
1274,1/3/2016,4,287650,SODXUDI12A8C1408A2
1275,4/13/2014,1,611336,SOFYSKU12A8C13A72B
1276,7/10/2016,5,28723,SOWXSQT12A6D4FC02E
1277,12/21/2014,4,557761,SOWNOXA12AB0184353
1278,9/20/2015,4,417945,SOKPCQK12A8C14038A
1279,4/10/2016,4,575531,SOSCCOO12A8C13F0AF
1280,9/28/2014,3,300848,SOAOCAG12A6D4FA89E
1281,3/15/2015,4,300822,SOGXHEG12AB018653E
1282,3/29/2015,4,514953,SOIUGDX12A6D4FDECA
1283,5/11/2014,1,287650,SOSGQPS12A8AE48538
1284,6/14/2015,4,611336,SOSLFMU12AB018FFEA
1285,4/10/2016,4,41838,SOCTSJA12AC9618325
1286,8/23/2015,4,25824,SOQZWXR12AB017FDE3
1287,2/2/2014,1,8876,SOTNQRU12A8C131FEF
1288,9/21/2014,3,358182,SOOCMUD12AC4686532
1289,1/17/2016,4,692313,SOKZYGT12A8C139568
1290,7/10/2016,5,539081,SOCSZYG12AB01871C2
1291,4/24/2016,4,163874,SOERSTG12AC4685824
1292,2/1/2015,4,575792,SOZFCZN12AB017E894
1293,5/25/2014,1,815863,SOCJFFQ12A8C13E02A
1294,6/19/2016,5,25811,SODXUDI12A8C1408A2
1295,5/18/2014,1,135122,SOFYSKU12A8C13A72B
1296,11/2/2014,4,149958,SOWXSQT12A6D4FC02E
1297,6/12/2016,4,535188,SOWNOXA12AB0184353
1298,1/12/2014,1,372309,SOKPCQK12A8C14038A
1299,7/17/2016,5,541101,SOSCCOO12A8C13F0AF
1300,8/31/2014,3,605134,SOAOCAG12A6D4FA89E
1301,6/8/2014,2,239740,SOGXHEG12AB018653E
1302,9/7/2014,3,386995,SOIUGDX12A6D4FDECA
1303,8/24/2014,3,223365,SOSGQPS12A8AE48538
1304,5/11/2014,1,652784,SOSLFMU12AB018FFEA
1305,7/12/2015,4,45730,SOCTSJA12AC9618325
1306,8/31/2014,3,672016,SOQZWXR12AB017FDE3
1307,7/6/2014,3,160881,SOTNQRU12A8C131FEF
1308,4/10/2016,4,59744,SOOCMUD12AC4686532
1309,2/2/2014,1,373723,SOKZYGT12A8C139568
1310,8/17/2014,3,228326,SOCSZYG12AB01871C2
1311,2/9/2014,1,463514,SOERSTG12AC4685824
1312,9/21/2014,3,643400,SOZFCZN12AB017E894
1313,3/16/2014,1,663761,SOCJFFQ12A8C13E02A
1314,7/12/2015,4,12882,SODXUDI12A8C1408A2
1315,2/22/2015,4,270281,SOFYSKU12A8C13A72B
1316,8/23/2015,4,244586,SOWXSQT12A6D4FC02E
1317,11/16/2014,4,157648,SOWNOXA12AB0184353
1318,5/10/2015,4,644631,SOKPCQK12A8C14038A
1319,5/31/2015,4,300848,SOSCCOO12A8C13F0AF
1320,11/23/2014,4,300822,SOAOCAG12A6D4FA89E
1321,3/9/2014,1,514953,SOGXHEG12AB018653E
1322,4/20/2014,1,287650,SOIUGDX12A6D4FDECA
1323,11/1/2015,4,611336,SOSGQPS12A8AE48538
1324,7/13/2014,3,28723,SOSLFMU12AB018FFEA
1325,12/20/2015,4,557761,SOCTSJA12AC9618325
1326,11/23/2014,4,417945,SOQZWXR12AB017FDE3
1327,3/27/2016,4,575531,SOTNQRU12A8C131FEF
1328,11/1/2015,4,300848,SOOCMUD12AC4686532
1329,10/11/2015,4,300822,SOKZYGT12A8C139568
1330,11/2/2014,3,514953,SOCSZYG12AB01871C2
1331,9/13/2015,4,287650,SOERSTG12AC4685824
1332,8/17/2014,3,611336,SOZFCZN12AB017E894
1333,2/22/2015,4,41838,SOCJFFQ12A8C13E02A
1334,6/1/2014,2,25824,SODXUDI12A8C1408A2
1335,7/10/2016,5,8876,SOFYSKU12A8C13A72B
1336,10/12/2014,3,358182,SOWXSQT12A6D4FC02E
1337,11/8/2015,4,692313,SOWNOXA12AB0184353
1338,8/3/2014,3,539081,SOKPCQK12A8C14038A
1339,9/21/2014,3,163874,SOSCCOO12A8C13F0AF
1340,1/31/2016,4,575792,SOAOCAG12A6D4FA89E
1341,6/21/2015,4,815863,SOGXHEG12AB018653E
1342,6/26/2016,5,25811,SOIUGDX12A6D4FDECA
1343,5/31/2015,4,135122,SOSGQPS12A8AE48538
1344,7/5/2015,4,149958,SOSLFMU12AB018FFEA
1345,1/26/2014,1,535188,SOCTSJA12AC9618325
1346,9/14/2014,3,372309,SOQZWXR12AB017FDE3
1347,6/5/2016,4,541101,SOTNQRU12A8C131FEF
1348,6/29/2014,3,605134,SOOCMUD12AC4686532
1349,8/24/2014,3,239740,SOKZYGT12A8C139568
1350,9/28/2014,3,386995,SOCSZYG12AB01871C2
1351,3/13/2016,4,223365,SOERSTG12AC4685824
1352,2/23/2014,1,652784,SOZFCZN12AB017E894
1353,3/23/2014,1,45730,SOCJFFQ12A8C13E02A
1354,4/17/2016,4,672016,SODXUDI12A8C1408A2
1355,7/13/2014,3,160881,SOFYSKU12A8C13A72B
1356,9/20/2015,4,59744,SOWXSQT12A6D4FC02E
1357,1/5/2014,0,373723,SOWNOXA12AB0184353
1358,9/7/2014,3,228326,SOKPCQK12A8C14038A
1359,11/15/2015,4,463514,SOSCCOO12A8C13F0AF
1360,6/15/2014,2,643400,SOAOCAG12A6D4FA89E
1361,7/19/2015,4,663761,SOGXHEG12AB018653E
1362,11/15/2015,4,12882,SOIUGDX12A6D4FDECA
1363,4/17/2016,4,270281,SOSGQPS12A8AE48538
1364,10/11/2015,4,244586,SOSLFMU12AB018FFEA
1365,11/2/2014,4,157648,SOCTSJA12AC9618325
1366,4/27/2014,1,644631,SOQZWXR12AB017FDE3
1367,3/22/2015,4,300848,SOTNQRU12A8C131FEF
1368,4/3/2016,4,300822,SOOCMUD12AC4686532
1369,11/16/2014,4,514953,SOKZYGT12A8C139568
1370,2/23/2014,1,287650,SOCSZYG12AB01871C2
1371,4/10/2016,4,611336,SOERSTG12AC4685824
1372,4/26/2015,4,28723,SOZFCZN12AB017E894
1373,1/17/2016,4,557761,SOCJFFQ12A8C13E02A
1374,9/28/2014,3,417945,SODXUDI12A8C1408A2
1375,6/19/2016,5,575531,SOFYSKU12A8C13A72B
1376,1/24/2016,4,300848,SOWXSQT12A6D4FC02E
1377,5/31/2015,4,300822,SOWNOXA12AB0184353
1378,5/18/2014,1,514953,SOKPCQK12A8C14038A
1379,7/5/2015,4,287650,SOSCCOO12A8C13F0AF
1380,9/7/2014,3,611336,SOAOCAG12A6D4FA89E
1381,10/5/2014,3,41838,SOGXHEG12AB018653E
1382,7/24/2016,5,25824,SOIUGDX12A6D4FDECA
1383,5/1/2016,4,8876,SOSGQPS12A8AE48538
1384,1/18/2015,4,358182,SOSLFMU12AB018FFEA
1385,11/15/2015,4,692313,SOCTSJA12AC9618325
1386,7/3/2016,5,539081,SOQZWXR12AB017FDE3
1387,3/13/2016,4,163874,SOTNQRU12A8C131FEF
1388,2/9/2014,1,575792,SOOCMUD12AC4686532
1389,7/24/2016,5,815863,SOKZYGT12A8C139568
1390,11/22/2015,4,25811,SOCSZYG12AB01871C2
1391,4/13/2014,1,135122,SOERSTG12AC4685824
1392,3/20/2016,4,149958,SOZFCZN12AB017E894
1393,9/21/2014,3,535188,SOCJFFQ12A8C13E02A
1394,5/22/2016,4,372309,SODXUDI12A8C1408A2
1395,8/2/2015,4,541101,SOFYSKU12A8C13A72B
1396,6/12/2016,4,605134,SOWXSQT12A6D4FC02E
1397,11/1/2015,4,239740,SOWNOXA12AB0184353
1398,7/27/2014,3,386995,SOKPCQK12A8C14038A
1399,6/14/2015,4,223365,SOSCCOO12A8C13F0AF
1400,9/20/2015,4,652784,SOAOCAG12A6D4FA89E
1401,7/17/2016,5,45730,SOGXHEG12AB018653E
1402,10/25/2015,4,672016,SOIUGDX12A6D4FDECA
1403,7/27/2014,3,160881,SOSGQPS12A8AE48538
1404,5/8/2016,4,59744,SOSLFMU12AB018FFEA
1405,4/19/2015,4,373723,SOCTSJA12AC9618325
1406,8/7/2016,5,228326,SOQZWXR12AB017FDE3
1407,5/25/2014,1,463514,SOTNQRU12A8C131FEF
1408,6/1/2014,2,643400,SOOCMUD12AC4686532
1409,5/31/2015,4,663761,SOKZYGT12A8C139568
1410,3/23/2014,1,12882,SOCSZYG12AB01871C2
1411,1/10/2016,4,270281,SOERSTG12AC4685824
1412,6/7/2015,4,244586,SOZFCZN12AB017E894
1413,11/9/2014,4,157648,SOCJFFQ12A8C13E02A
1414,9/27/2015,4,644631,SODXUDI12A8C1408A2
1415,4/17/2016,4,300848,SOFYSKU12A8C13A72B
1416,3/27/2016,4,300822,SOWXSQT12A6D4FC02E
1417,5/18/2014,1,514953,SOWNOXA12AB0184353
1418,5/29/2016,4,287650,SOKPCQK12A8C14038A
1419,5/8/2016,4,611336,SOSCCOO12A8C13F0AF
1420,1/31/2016,4,28723,SOAOCAG12A6D4FA89E
1421,3/23/2014,1,557761,SOGXHEG12AB018653E
1422,12/14/2014,4,417945,SOIUGDX12A6D4FDECA
1423,7/3/2016,5,575531,SOSGQPS12A8AE48538
1424,10/4/2015,4,300848,SOSLFMU12AB018FFEA
1425,9/21/2014,3,300822,SOCTSJA12AC9618325
1426,4/17/2016,4,514953,SOQZWXR12AB017FDE3
1427,1/26/2014,1,287650,SOTNQRU12A8C131FEF
1428,2/9/2014,1,611336,SOOCMUD12AC4686532
1429,11/23/2014,4,41838,SOKZYGT12A8C139568
1430,2/7/2016,4,25824,SOCSZYG12AB01871C2
1431,5/3/2015,4,8876,SOERSTG12AC4685824
1432,7/27/2014,3,358182,SOZFCZN12AB017E894
1433,3/22/2015,4,692313,SOCJFFQ12A8C13E02A
1434,7/20/2014,3,539081,SODXUDI12A8C1408A2
1435,3/1/2015,4,163874,SOFYSKU12A8C13A72B
1436,7/31/2016,5,575792,SOWXSQT12A6D4FC02E
1437,4/6/2014,1,815863,SOWNOXA12AB0184353
1438,6/12/2016,4,25811,SOKPCQK12A8C14038A
1439,7/5/2015,4,135122,SOSCCOO12A8C13F0AF
1440,11/8/2015,4,149958,SOAOCAG12A6D4FA89E
1441,6/22/2014,3,535188,SOGXHEG12AB018653E
1442,1/3/2016,4,372309,SOIUGDX12A6D4FDECA
1443,4/19/2015,4,541101,SOSGQPS12A8AE48538
1444,9/20/2015,4,605134,SOSLFMU12AB018FFEA
1445,6/8/2014,2,239740,SOCTSJA12AC9618325
1446,5/11/2014,1,386995,SOQZWXR12AB017FDE3
1447,9/21/2014,3,223365,SOTNQRU12A8C131FEF
1448,1/24/2016,4,652784,SOOCMUD12AC4686532
1449,12/6/2015,4,45730,SOKZYGT12A8C139568
1450,10/11/2015,4,672016,SOCSZYG12AB01871C2
1451,4/26/2015,4,160881,SOERSTG12AC4685824
1452,6/15/2014,2,59744,SOZFCZN12AB017E894
1453,3/27/2016,4,373723,SOCJFFQ12A8C13E02A
1454,11/8/2015,4,228326,SODXUDI12A8C1408A2
1455,6/22/2014,3,463514,SOFYSKU12A8C13A72B
1456,4/5/2015,4,643400,SOWXSQT12A6D4FC02E
1457,3/13/2016,4,663761,SOWNOXA12AB0184353
1458,9/13/2015,4,12882,SOKPCQK12A8C14038A
1459,10/25/2015,4,270281,SOSCCOO12A8C13F0AF
1460,3/6/2016,4,244586,SOAOCAG12A6D4FA89E
1461,8/17/2014,3,157648,SOGXHEG12AB018653E
1462,4/5/2015,4,644631,SOIUGDX12A6D4FDECA
1463,10/18/2015,4,300848,SOSGQPS12A8AE48538
1464,12/28/2014,4,300822,SOSLFMU12AB018FFEA
1465,10/11/2015,4,514953,SOCTSJA12AC9618325
1466,6/8/2014,2,287650,SOQZWXR12AB017FDE3
1467,5/29/2016,4,611336,SOTNQRU12A8C131FEF
1468,6/1/2014,2,28723,SOOCMUD12AC4686532
1469,6/21/2015,4,557761,SOKZYGT12A8C139568
1470,3/29/2015,4,417945,SOCSZYG12AB01871C2
1471,9/27/2015,4,575531,SOERSTG12AC4685824
1472,9/21/2014,3,300848,SOZFCZN12AB017E894
1473,5/4/2014,1,300822,SOCJFFQ12A8C13E02A
1474,12/21/2014,4,514953,SODXUDI12A8C1408A2
1475,3/29/2015,4,287650,SOFYSKU12A8C13A72B
1476,3/15/2015,4,611336,SOWXSQT12A6D4FC02E
1477,3/23/2014,1,41838,SOWNOXA12AB0184353
1478,12/20/2015,4,25824,SOKPCQK12A8C14038A
1479,7/31/2016,5,8876,SOSCCOO12A8C13F0AF
1480,4/13/2014,1,358182,SOAOCAG12A6D4FA89E
1481,5/8/2016,4,692313,SOGXHEG12AB018653E
1482,4/6/2014,1,539081,SOIUGDX12A6D4FDECA
1483,10/26/2014,3,163874,SOSGQPS12A8AE48538
1484,11/8/2015,4,575792,SOSLFMU12AB018FFEA
1485,3/9/2014,1,815863,SOCTSJA12AC9618325
1486,6/8/2014,2,25811,SOQZWXR12AB017FDE3
1487,6/1/2014,2,135122,SOTNQRU12A8C131FEF
1488,5/31/2015,4,149958,SOOCMUD12AC4686532
1489,3/15/2015,4,535188,SOKZYGT12A8C139568
1490,3/22/2015,4,372309,SOCSZYG12AB01871C2
1491,11/22/2015,4,541101,SOERSTG12AC4685824
1492,5/10/2015,4,605134,SOZFCZN12AB017E894
1493,2/14/2016,4,239740,SOCJFFQ12A8C13E02A
1494,11/22/2015,4,386995,SODXUDI12A8C1408A2
1495,6/5/2016,4,223365,SOFYSKU12A8C13A72B
1496,2/9/2014,1,652784,SOWXSQT12A6D4FC02E
1497,7/27/2014,3,45730,SOWNOXA12AB0184353
1498,1/17/2016,4,672016,SOKPCQK12A8C14038A
1499,5/25/2014,1,160881,SOSCCOO12A8C13F0AF